20001-Å®-27-×ó.jpg,
2857,1310
2204,966
1776,1160
1330,1335
1238,1599
1208,1664
1239,1903
1242,1957
1388,2193
1441,2243
1645,2474
2910,2221
20002-ÄÐ-20-ÓÒ.jpg,
3766,998
2323,578
2123,923
1986,996
1901,1300
1861,1368
1908,1694
1878,1798
1963,2150
2635,2231
3111,2481
3703,1989
20001-Å®-27-×ó.jpg,
2845,1314
2207,963
1777,1160
1342,1334
1240,1598
1223,1660
1235,1896
1257,1942
1358,2178
1446,2242
1656,2478
2929,2222
20002-ÄÐ-20-ÓÒ.jpg,
3762,999
2324,577
2122,924
1992,994
1902,1304
1862,1367
1906,1698
1868,1818
1966,2146
2631,2240
3116,2478
3701,1991
20002-ÄÐ-20-×ó.jpg,
3709,1011
2793,453
2517,755
1936,988
1802,1337
1779,1492
1828,1800
1834,1892
1967,2203
2122,2256
2346,2575
3782,2125
20003-ÄÐ-30-ÓÒ.jpg,
3913,1189
2491,645
2284,909
2220,969
2084,1187
2047,1245
1978,1504
1957,1586
2015,1914
2424,2018
2868,2365
3484,2139
20003-ÄÐ-30-×ó.jpg,
3503,1025
3034,703
2503,960
1902,1194
1830,1507
1839,1614
1860,1913
1900,1964
2068,2233
2144,2302
2402,2594
3889,2002
20004-Å®-27-ÓÒ.jpg,
3600,818
2103,491
1925,807
1800,905
1715,1172
1680,1224
1715,1487
1704,1583
1777,1859
2409,1907
2780,2343
3521,1770
20004-Å®-27-×ó.jpg,
3621,1219
2911,686
2558,1080
1946,1108
1861,1386
1846,1480
1833,1753
1874,1811
1929,2050
2098,2180
2261,2503
3821,2091
20005-ÄÐ-20-ÓÒ.jpg,
3254,942
2180,639
2032,844
1961,912
1877,1104
1850,1154
1851,1379
1839,1444
1913,1705
2312,1832
2779,2026
3158,1758
20005-ÄÐ-20-×ó.jpg,
2948,1179
2515,898
2100,1139
1657,1316
1596,1602
1609,1663
1611,1932
1640,1967
1745,2193
1843,2246
2069,2469
3094,2017
20006-ÄÐ-18-ÓÒ.jpg,
4142,681
2457,395
2268,757
2165,904
2044,1258
2022,1343
2083,1690
2085,1807
2291,2164
2760,2241
3458,2457
4084,2020
20006-ÄÐ-18-×ó.jpg,
4103,1183
3573,782
2850,1025
2316,1106
2133,1482
2141,1633
2105,1957
2160,2043
2317,2332
2450,2451
2638,2746
4276,2288
20008-ÄÐ-20-ÓÒ.jpg,
3809,1314
2366,647
2092,951
1991,1002
1815,1294
1747,1379
1706,1747
1660,1868
1761,2252
2360,2488
2930,2978
3517,2605
20008-ÄÐ-20-×ó.jpg,
3754,1112
3238,684
2618,1064
1917,1313
1821,1713
1829,1837
1857,2184
1920,2274
2044,2555
2205,2657
2439,2946
4019,2335
20009-ÄÐ-19-ÓÒ.jpg,
3618,588
2436,270
2220,543
2176,571
2026,854
2001,899
1971,1181
1981,1271
2081,1600
2550,1750
3060,2032
3570,1682
20009-ÄÐ-19-×ó.jpg,
3842,912
3414,579
2985,812
2500,919
2426,1226
2435,1288
2472,1552
2483,1577
2586,1832
2687,1857
2912,2082
3835,1844
20010-ÄÐ-18-ÓÒ.jpg,
3832,738
2420,272
2165,554
2118,626
1925,920
1891,959
1889,1242
1887,1344
1964,1665
2457,1851
2908,2174
3625,1759
20010-ÄÐ-18-×ó.jpg,
3476,894
2734,401
2255,744
1704,958
1624,1322
1631,1399
1630,1718
1649,1752
1818,2038
1874,2106
2114,2401
3711,1952
20011-Å®-49-ÓÒ.jpg,
3644,886
2433,406
2211,621
2090,653
1940,917
1896,949
1845,1256
1831,1324
1916,1665
2488,1779
3013,2078
3523,1885
20011-Å®-49-×ó.jpg,
3520,738
2977,455
2434,697
1850,893
1796,1249
1815,1328
1813,1631
1869,1692
2003,1951
2150,2003
2392,2221
3594,1707
20012-ÄÐ-20-ÓÒ.jpg,
3746,585
2257,157
2000,520
1934,570
1802,866
1782,904
1791,1239
1757,1295
1867,1644
2420,1870
2962,2106
3538,1688
20012-ÄÐ-20-×ó.jpg,
3712,1201
3255,747
2692,914
2000,1268
1892,1612
1922,1679
1906,1991
1929,2036
2079,2385
2180,2484
2446,2802
3975,2368
20013-ÄÐ-20-ÓÒ.jpg,
2946,723
1725,295
1543,532
1433,569
1335,786
1275,827
1287,1083
1264,1148
1316,1432
1635,1550
1991,1872
2589,1674
20013-ÄÐ-20-×ó.jpg,
2736,446
2099,215
1727,543
1429,713
1346,1005
1373,1055
1392,1300
1410,1328
1561,1549
1617,1592
1788,1829
3076,1397
20014-ÄÐ-45-ÓÒ.jpg,
4167,836
2459,431
2146,823
2097,860
1936,1218
1898,1270
1857,1627
1871,1709
1944,2092
2650,2367
3351,2703
4035,2210
20014-ÄÐ-45-×ó.jpg,
4107,1119
3526,757
2840,1110
2225,1422
2145,1798
2164,1861
2221,2227
2248,2268
2417,2551
2492,2644
2838,2903
4246,2343
20016-Å®-27-ÓÒ.jpg,
3578,1019
2318,543
2064,787
1986,876
1846,1132
1813,1185
1772,1474
1776,1560
1882,1898
2388,2065
2934,2372
3497,2050
20016-Å®-27-×ó.jpg,
3580,1018
3038,660
2328,832
1840,1079
1724,1437
1739,1533
1744,1877
1765,1928
1933,2239
2010,2292
2266,2571
3632,2032
20017-ÄÐ-34-ÓÒ.jpg,
4347,877
2367,477
2116,844
2030,916
1875,1262
1860,1295
1871,1675
1875,1789
2094,2237
2702,2464
3493,2734
4124,2216
20017-ÄÐ-34-×ó.jpg,
4014,1187
3209,551
2675,892
2189,1160
1964,1492
1906,1657
1865,2015
1877,2052
2047,2421
2085,2482
2347,2879
4210,2592
20018-Å®-21-ÓÒ.jpg,
2849,732
1833,483
1688,741
1633,780
1526,1009
1528,1035
1557,1296
1546,1335
1672,1587
1982,1641
2395,1825
2808,1533
20018-Å®-21-×ó.jpg,
2565,868
2134,652
1874,877
1558,941
1488,1202
1501,1247
1502,1484
1521,1525
1663,1722
1721,1746
1908,1924
2700,1559
20019-ÄÐ-20-ÓÒ.jpg,
3533,843
2215,431
1998,706
1915,806
1792,1104
1759,1179
1753,1508
1739,1586
1856,1919
2443,2009
2911,2378
3433,1903
20019-ÄÐ-20-×ó.jpg,
3510,1243
2907,700
2364,1029
1746,1208
1634,1558
1618,1672
1618,2034
1635,2093
1766,2398
1861,2531
2089,2839
3685,2393
20021-ÄÐ-20-ÓÒ.jpg,
3705,1076
2236,570
1983,847
1873,977
1718,1264
1663,1340
1624,1682
1605,1781
1731,2131
2382,2262
2912,2606
3684,2202
20021-ÄÐ-20-×ó.jpg,
3749,1012
3017,538
2466,783
1872,1022
1747,1383
1772,1477
1837,1779
1853,1848
1971,2109
2105,2212
2355,2463
3708,2050
20022-ÄÐ-20-ÓÒ.jpg,
3951,938
2652,633
2440,905
2355,998
2192,1261
2173,1299
2163,1587
2182,1679
2272,1982
2806,2169
3382,2365
3828,1987
20022-ÄÐ-20-×ó.jpg,
3930,1350
3531,988
2890,1080
2213,1399
2126,1760
2130,1851
2167,2184
2194,2244
2383,2519
2496,2584
2756,2835
3948,2387
20023-ÄÐ-19-ÓÒ.jpg,
3725,914
2284,587
2005,918
1929,965
1807,1278
1789,1328
1791,1652
1766,1728
1886,2073
2543,2245
3178,2496
3702,1978
20023-ÄÐ-19-×ó.jpg,
3588,1141
3056,742
2603,1029
2066,1174
1962,1472
1973,1556
1995,1812
2019,1859
2117,2122
2192,2189
2454,2421
3683,2080
20024-Å®-19-ÓÒ.jpg,
3773,1040
2106,479
1929,803
1883,839
1727,1113
1670,1173
1655,1458
1634,1536
1753,1884
2277,1947
2776,2323
3458,1989
20024-Å®-19-×ó.jpg,
3104,940
2534,699
2103,1003
1634,1124
1584,1412
1605,1476
1622,1717
1660,1765
1830,1990
1876,2062
2072,2299
3492,1778
20026-Å®-27-ÓÒ.jpg,
3428,1030
2033,624
1822,905
1774,952
1617,1259
1567,1314
1584,1633
1551,1734
1673,2058
2149,2198
2686,2471
3374,2019
20026-Å®-27-×ó.jpg,
3282,997
2694,607
2200,851
1717,1047
1600,1362
1630,1453
1624,1791
1670,1847
1809,2161
1860,2200
2119,2510
3486,2096
20027-ÄÐ-20-ÓÒ.jpg,
3766,875
2330,516
2083,776
2022,886
1877,1188
1814,1271
1830,1577
1787,1718
1946,2048
2445,2090
3052,2444
3757,1986
20027-ÄÐ-20-×ó.jpg,
3804,1018
3121,531
2599,877
2114,1017
1964,1334
2008,1427
1978,1740
2015,1793
2165,2084
2259,2159
2484,2451
3936,2017
20029-ÄÐ-20-ÓÒ.jpg,
3247,825
1929,526
1721,769
1626,878
1564,1166
1538,1227
1570,1498
1649,1614
1844,1891
2213,1934
2732,2128
3138,1738
20029-ÄÐ-20-×ó.jpg,
3353,916
2927,584
2391,809
1913,1038
1826,1348
1856,1472
1830,1771
1885,1850
2012,2094
2130,2200
2392,2385
3559,1877
20030-ÄÐ-18-ÓÒ.jpg,
4180,664
2541,310
2292,658
2202,733
2095,1063
2058,1100
2035,1448
2041,1514
2194,1862
2932,2019
3590,2228
4157,1784
20030-ÄÐ-18-×ó.jpg,
4067,1515
3528,894
2864,1169
2095,1236
1924,1595
1917,1663
1865,2004
1884,2066
1993,2403
2051,2468
2234,2793
3902,2669
20033-ÄÐ-20-ÓÒ.jpg,
3537,862
2278,549
2031,785
1930,836
1838,1071
1814,1096
1802,1363
1786,1426
1922,1735
2391,1924
3007,2133
3365,1862
20033-ÄÐ-20-×ó.jpg,
3608,911
2904,440
2420,848
1728,1193
1631,1557
1601,1651
1634,1968
1655,2003
1859,2287
1939,2333
2283,2599
3833,2050
20036-ÄÐ-25-ÓÒ.jpg,
3772,1066
2504,603
2280,844
2227,933
2080,1193
2063,1235
2051,1525
2021,1639
2101,1949
2544,2013
3081,2280
3582,2024
20036-ÄÐ-25-×ó.jpg,
3675,1166
3261,791
2679,920
2088,983
1986,1302
1978,1389
1960,1682
1985,1730
2086,2010
2163,2088
2338,2381
3693,2112
20038-ÄÐ-20-ÓÒ.jpg,
3772,759
2520,409
2260,720
2168,752
2017,1068
2019,1140
2010,1455
2003,1502
2109,1839
2661,2059
3221,2151
3705,1789
20038-ÄÐ-20-×ó.jpg,
3678,925
3011,464
2496,747
1911,966
1798,1350
1774,1444
1821,1763
1868,1813
2023,2098
2146,2181
2391,2505
3791,2030
20039-ÄÐ-19-ÓÒ.jpg,
3585,1105
2335,666
2075,913
1995,992
1878,1288
1832,1331
1811,1655
1793,1775
1929,2109
2388,2276
2952,2480
3476,2131
20039-ÄÐ-19-×ó.jpg,
3634,1170
3077,762
2541,984
2002,1051
1837,1386
1813,1513
1782,1824
1825,1896
1978,2195
2049,2290
2287,2614
3724,2275
20040-ÄÐ-18-ÓÒ.jpg,
3691,980
2205,695
2022,956
1967,1055
1823,1334
1821,1359
1849,1657
1843,1736
1921,2025
2476,2039
2771,2300
3561,1997
20040-ÄÐ-18-×ó.jpg,
3543,935
2874,526
2496,858
1802,921
1727,1230
1722,1313
1740,1613
1744,1631
1871,1932
1943,1993
2144,2305
3664,1994
20041-Å®-42-ÓÒ.jpg,
3540,888
2265,617
2074,882
2006,939
1875,1227
1839,1288
1838,1578
1839,1668
1979,1972
2491,2051
2931,2332
3576,1938
20041-Å®-42-×ó.jpg,
3468,1039
2671,604
2268,981
1735,1100
1655,1432
1669,1565
1660,1823
1705,1917
1813,2193
1972,2328
2115,2559
3640,2170
20042-ÄÐ-20-ÓÒ.jpg,
3941,1211
2613,854
2438,1073
2391,1150
2250,1406
2223,1450
2173,1730
2157,1788
2267,2057
2756,2233
3178,2501
3774,2139
20042-ÄÐ-20-×ó.jpg,
3524,846
2876,427
2484,754
2011,987
1914,1290
1932,1373
1990,1667
2030,1716
2202,1978
2251,2040
2474,2254
3640,1775
20045-ÄÐ-20-ÓÒ.jpg,
3875,878
2573,528
2327,810
2277,858
2120,1152
2096,1192
2071,1531
2057,1573
2201,1923
2627,2160
3198,2427
3736,2076
20045-ÄÐ-20-×ó.jpg,
3636,1072
3068,736
2454,993
1971,1179
1834,1509
1845,1594
1849,1926
1878,1962
1962,2275
2049,2320
2293,2641
3803,2354
20046-ÄÐ-20-ÓÒ.jpg,
3390,857
2169,485
1932,780
1854,838
1715,1134
1662,1193
1664,1511
1655,1564
1713,1892
2158,2035
2725,2331
3257,1974
20046-ÄÐ-20-×ó.jpg,
3603,1077
3088,665
2589,884
2107,1095
2023,1357
2034,1439
2014,1732
2032,1777
2203,2062
2264,2110
2431,2371
3640,2060
20047-ÄÐ-20-ÓÒ.jpg,
4175,1276
2870,710
2496,991
2441,1068
2208,1411
2187,1441
2140,1832
2117,1925
2237,2360
2866,2640
3491,2809
3940,2495
20047-ÄÐ-20-×ó.jpg,
3893,1008
3528,714
3007,878
2292,1099
2159,1496
2160,1593
2156,1928
2184,1981
2324,2329
2439,2409
2786,2668
4048,2190
20048-ÄÐ-25-ÓÒ.jpg,
3831,957
2278,400
2097,695
1993,739
1789,1020
1762,1043
1727,1326
1722,1402
1753,1733
2365,1928
2799,2287
3499,1954
20048-ÄÐ-25-×ó.jpg,
3665,920
3122,566
2631,857
2011,1097
1972,1427
1968,1489
1974,1778
2017,1784
2191,2064
2298,2109
2450,2368
3934,1867
20049-ÄÐ-25-ÓÒ.jpg,
3401,955
2777,558
2341,913
1855,1105
1779,1398
1791,1491
1821,1756
1859,1816
2009,2069
2110,2142
2298,2397
3683,1912
20049-ÄÐ-25-×ó.jpg,
3497,1225
2907,759
2464,1071
1923,1203
1793,1505
1796,1594
1837,1918
1846,1952
2027,2248
2110,2323
2319,2602
3653,2179
20050-ÄÐ-18-ÓÒ.jpg,
3654,934
2081,775
1914,1034
1888,1086
1812,1355
1798,1401
1796,1690
1788,1765
1883,2068
2351,2139
2882,2369
3552,1903
20050-ÄÐ-18-×ó.jpg,
3468,1129
2821,661
2251,874
1730,1103
1667,1406
1680,1526
1722,1819
1735,1849
1870,2126
1896,2206
2090,2446
3762,2096
20051-Å®-25-ÓÒ.jpg,
3764,681
2169,467
2023,811
1983,852
1830,1206
1823,1217
1880,1559
1897,1630
2054,1972
2458,2161
3095,2398
3674,1988
20051-Å®-25-×ó.jpg,
3560,1088
3050,653
2552,867
2029,1035
1866,1339
1846,1443
1815,1750
1825,1780
1949,2093
1998,2171
2214,2454
3577,2189
20052-ÄÐ-20-ÓÒ.jpg,
3945,1164
2680,658
2418,933
2364,1002
2211,1271
2166,1314
2130,1614
2082,1720
2177,2030
2799,2224
3278,2551
3883,2093
20052-ÄÐ-20-×ó.jpg,
3860,1103
3351,612
2813,751
2310,1030
2173,1311
2158,1425
2185,1689
2206,1741
2313,1999
2364,2069
2556,2325
3879,2005
20054-ÄÐ-25-ÓÒ.jpg,
2848,843
2057,561
1880,729
1847,764
1738,947
1723,973
1678,1165
1671,1259
1723,1458
2079,1590
2416,1773
2760,1528
20054-ÄÐ-25-×ó.jpg,
2627,733
2282,485
1908,648
1578,827
1520,1066
1520,1171
1570,1375
1592,1427
1723,1594
1788,1650
2007,1797
2733,1410
20055-Å®-25-ÓÒ.jpg,
3608,844
2332,453
2056,728
1981,821
1857,1126
1824,1205
1785,1549
1780,1639
1909,1979
2522,2144
3044,2438
3654,1912
20055-Å®-25-×ó.jpg,
3658,1266
3026,678
2422,890
1775,1086
1605,1422
1604,1509
1546,1860
1565,1932
1654,2286
1745,2371
1917,2747
3697,2511
20057-ÄÐ-20-ÓÒ.jpg,
3016,1139
2095,816
1882,1001
1814,1093
1730,1289
1717,1321
1696,1551
1705,1618
1759,1859
2193,2006
2516,2239
2990,1866
20057-ÄÐ-20-×ó.jpg,
3221,1410
2760,1087
2352,1294
1903,1485
1816,1760
1809,1857
1845,2076
1869,2121
1986,2347
2048,2440
2195,2670
3376,2262
20058-Å®-27-ÓÒ.jpg,
3486,750
2017,524
1824,811
1773,886
1636,1181
1607,1242
1657,1542
1607,1649
1784,1944
2417,1970
3018,2153
3483,1768
20058-Å®-27-×ó.jpg,
3479,1045
2978,674
2431,954
1846,1102
1706,1403
1723,1496
1692,1791
1720,1827
1858,2094
1928,2164
2155,2386
3583,2106
20058-Å®-27-×ó.jpg,
3479,1041
2974,674
2434,957
1847,1102
1701,1396
1720,1492
1696,1793
1718,1822
1862,2086
1926,2168
2159,2384
3590,2101
20059-ÄÐ-30-ÓÒ.jpg,
3650,994
2176,523
2019,798
1941,876
1784,1096
1754,1145
1711,1416
1705,1504
1770,1806
2218,1989
2737,2328
3348,2046
20059-ÄÐ-30-×ó.jpg,
3558,1020
3009,657
2474,933
1978,1048
1835,1360
1847,1425
1875,1742
1882,1781
2051,2038
2103,2084
2268,2348
3617,2027
20062-ÄÐ-20-ÓÒ.jpg,
3653,890
2399,445
2163,759
2064,822
1917,1114
1892,1143
1851,1473
1850,1543
1948,1887
2494,2050
3055,2292
3509,1892
20062-ÄÐ-20-×ó.jpg,
3018,1105
2551,682
2088,837
1589,1135
1508,1457
1528,1534
1547,1820
1579,1867
1713,2128
1791,2188
1980,2449
3151,2062
20063-ÄÐ-20-ÓÒ.jpg,
4110,1028
2751,652
2511,957
2414,1055
2285,1350
2262,1378
2280,1694
2255,1784
2363,2145
2866,2124
3538,2386
3944,2174
20063-ÄÐ-20-×ó.jpg,
3919,1226
3469,940
2851,1172
2234,1267
2127,1669
2140,1727
2140,2113
2198,2191
2316,2500
2464,2599
2680,2895
4101,2377
20064-ÄÐ-20-ÓÒ.jpg,
3517,734
2205,283
2020,593
1922,606
1808,942
1743,961
1806,1315
1815,1379
1967,1729
2374,1819
2914,2029
3346,1686
20064-ÄÐ-20-×ó.jpg,
3609,884
3081,531
2639,801
2228,947
2137,1271
2145,1326
2152,1647
2170,1677
2325,1966
2369,1993
2604,2263
3788,1777
20065-ÄÐ-25-ÓÒ.jpg,
3310,1143
1987,687
1740,912
1662,959
1517,1231
1486,1276
1498,1567
1485,1678
1551,1986
2116,2152
2617,2455
3172,2156
20065-ÄÐ-25-×ó.jpg,
3506,1041
2810,734
2350,1050
1914,1217
1782,1515
1791,1591
1738,1881
1772,1941
1934,2250
1971,2346
2244,2541
3652,2083
20066-ÄÐ-19-ÓÒ.jpg,
4497,1369
3208,797
2848,1052
2777,1126
2547,1435
2498,1488
2418,1813
2396,1965
2439,2335
3070,2722
3686,3026
4390,2575
20066-ÄÐ-19-×ó.jpg,
4389,1267
3803,783
3145,1076
2408,1431
2327,1827
2338,2010
2455,2360
2481,2429
2751,2730
2813,2811
3200,3063
4473,2498
20067-Å®-24-ÓÒ.jpg,
4232,855
2792,501
2567,775
2542,835
2361,1154
2363,1209
2347,1560
2358,1632
2485,1953
2995,2037
3458,2367
4181,1933
20067-Å®-24-×ó.jpg,
3677,1099
3118,699
2679,988
2161,1079
2075,1384
2080,1437
2089,1757
2085,1789
2264,2095
2299,2122
2528,2433
3837,2046
20069-Å®-18-ÓÒ.jpg,
2805,1119
1818,813
1609,1016
1583,1035
1414,1270
1400,1320
1407,1576
1391,1660
1479,1909
1910,2049
2312,2265
2739,1965
20069-Å®-18-×ó.jpg,
2615,870
2164,640
1820,888
1438,1017
1379,1260
1406,1350
1420,1591
1446,1636
1610,1819
1656,1873
1892,2026
2739,1627
20071-Å®-27-ÓÒ.jpg,
3839,787
2320,417
2109,722
2025,816
1861,1128
1788,1213
1888,1543
1854,1635
2019,1958
2566,2005
3113,2293
3772,1816
20071-Å®-27-×ó.jpg,
3502,627
2549,253
2363,662
1804,803
1736,1125
1742,1209
1757,1491
1780,1533
1981,1805
2062,1851
2262,2102
3711,1620
20072-Å®-25-ÓÒ.jpg,
3746,1067
2327,553
2086,873
2013,941
1881,1240
1852,1276
1857,1620
1831,1701
1928,2060
2434,2153
3024,2448
3608,2113
20072-Å®-25-×ó.jpg,
3444,1361
2972,968
2419,1145
1858,1216
1761,1551
1756,1632
1763,1927
1777,2015
1923,2288
1972,2349
2196,2604
3265,2310
20073-Å®-26-ÓÒ.jpg,
3864,908
2315,694
2089,1013
2051,1095
1924,1447
1869,1529
1975,1895
1972,1972
2191,2340
2839,2349
3473,2593
4038,1939
20073-Å®-26-×ó.jpg,
3674,1282
3039,785
2476,1111
1945,1256
1759,1639
1765,1739
1764,2097
1798,2150
1990,2470
2066,2545
2373,2838
3786,2313
20074-ÄÐ-44-ÓÒ.jpg,
3767,1201
2225,745
2031,995
1901,1009
1785,1290
1766,1346
1752,1641
1702,1733
1825,2037
2326,2184
2947,2510
3453,2138
20074-ÄÐ-44-×ó.jpg,
3431,902
2898,506
2301,776
1782,1115
1691,1447
1756,1541
1777,1825
1817,1874
1991,2085
2082,2139
2350,2337
3651,1823
20075-ÄÐ-20-ÓÒ.jpg,
3602,1031
2170,550
1927,796
1887,887
1667,1158
1647,1181
1580,1493
1570,1554
1647,1909
2092,2117
2659,2499
3388,2155
20075-ÄÐ-20-×ó.jpg,
3235,865
2641,534
2132,852
1731,1102
1639,1433
1647,1499
1733,1782
1733,1820
1971,2047
2011,2096
2296,2304
3443,1843
20077-ÄÐ-20-ÓÒ.jpg,
3771,931
2243,570
1989,849
1971,883
1778,1169
1761,1188
1747,1523
1725,1598
1840,1939
2372,2303
2934,2578
3607,2186
20077-ÄÐ-20-×ó.jpg,
3800,1089
3164,704
2730,952
2245,1181
2128,1473
2139,1537
2167,1812
2169,1837
2316,2072
2358,2114
2551,2370
3804,2069
20078-Å®-20-ÓÒ.jpg,
3056,1351
2015,1070
1856,1250
1783,1302
1703,1470
1639,1531
1628,1758
1610,1828
1657,2105
2099,2135
2456,2455
3001,2180
20078-Å®-20-×ó.jpg,
2912,1316
2447,1023
2100,1288
1626,1466
1581,1722
1582,1801
1603,2029
1641,2062
1713,2248
1808,2314
1937,2507
3064,2161
20080-ÄÐ-19-ÓÒ.jpg,
4016,839
2443,422
2223,753
2141,825
1975,1142
1937,1190
1928,1533
1880,1698
2017,2056
2716,2215
3420,2559
3970,2002
20080-ÄÐ-19-×ó.jpg,
3950,1032
3385,499
2751,784
2029,1128
1949,1493
1971,1626
1975,1953
2000,2001
2196,2302
2251,2420
2456,2701
4099,2288
20081-ÄÐ-29-ÓÒ.jpg,
3493,853
2148,562
1980,865
1936,889
1774,1173
1759,1194
1726,1494
1734,1578
1868,1897
2348,2083
2888,2218
3394,1830
20081-ÄÐ-29-×ó.jpg,
3417,1077
2955,708
2416,897
1813,992
1676,1327
1655,1415
1664,1698
1712,1783
1873,2053
1939,2134
2150,2407
3487,2080
20082-ÄÐ-28-ÓÒ.jpg,
3856,867
2262,500
2041,822
1979,899
1861,1203
1838,1271
1845,1613
1836,1738
2013,2061
2405,2249
3094,2500
3702,2091
20082-ÄÐ-28-×ó.jpg,
3628,1263
3040,838
2470,1043
2060,1270
1917,1606
1905,1672
1889,1995
1902,2040
2076,2319
2137,2379
2358,2671
3691,2278
20083-Å®-25-ÓÒ.jpg,
3574,415
1926,270
1781,582
1715,680
1602,1002
1580,1045
1608,1360
1609,1459
1742,1769
2263,1798
2748,2100
3543,1545
20083-Å®-25-×ó.jpg,
3402,582
2675,289
2290,512
1872,672
1792,951
1818,1037
1841,1301
1902,1354
2052,1594
2115,1659
2280,1888
3692,1460
20085-ÄÐ-18-ÓÒ.jpg,
3353,1032
2278,678
2092,908
2027,981
1927,1203
1899,1249
1914,1489
1910,1545
1997,1778
2335,1913
2749,2160
3210,1872
20085-ÄÐ-18-×ó.jpg,
3949,1004
3277,666
2836,969
2315,1228
2257,1498
2257,1525
2260,1783
2283,1814
2420,2077
2518,2164
2756,2435
4085,2033
20086-ÄÐ-20-ÓÒ.jpg,
3728,780
2243,510
2051,836
1963,925
1841,1208
1808,1269
1813,1578
1820,1687
1948,2015
2492,2150
3071,2471
3695,1975
20086-ÄÐ-20-×ó.jpg,
3671,1212
3104,775
2535,923
2016,1117
1883,1421
1866,1529
1871,1868
1893,1905
2063,2268
2098,2322
2323,2675
3790,2296
20087-ÄÐ-25-ÓÒ.jpg,
3829,756
2110,313
1894,690
1838,760
1698,1119
1686,1150
1694,1536
1706,1662
1895,2049
2353,2261
2897,2677
3819,2163
20087-ÄÐ-25-×ó.jpg,
3497,961
2631,466
2125,794
1704,1005
1555,1375
1555,1495
1588,1824
1609,1875
1732,2184
1802,2290
2047,2542
3648,2037
20088-Å®-18-ÓÒ.jpg,
3869,1127
2581,660
2380,937
2320,986
2171,1280
2139,1318
2086,1647
2080,1731
2192,2057
2639,2071
3109,2363
3782,2063
20088-Å®-18-×ó.jpg,
3621,1072
3047,733
2551,898
2057,1165
1974,1494
1974,1579
2045,1904
2067,1952
2236,2239
2281,2279
2508,2528
3829,1988
20091-ÄÐ-22-ÓÒ.jpg,
4269,1098
2331,465
2088,818
2007,895
1822,1303
1766,1375
1763,1774
1755,1867
1885,2271
2452,2430
3093,2883
4016,2468
20091-ÄÐ-22-×ó.jpg,
3992,1285
3200,735
2644,1054
2101,1281
1906,1643
1894,1766
1931,2180
1943,2229
2239,2661
2297,2724
2521,3088
4250,2492
20093-ÄÐ-25-ÓÒ.jpg,
4178,1051
2200,639
2006,987
1966,1093
1804,1422
1780,1453
1790,1815
1767,1939
1865,2307
2488,2539
3162,2895
4021,2350
20093-ÄÐ-25-×ó.jpg,
3894,1285
3142,748
2512,1049
1968,1193
1902,1543
1920,1619
1875,1960
1872,2029
2077,2303
2104,2386
2272,2656
3896,2349
20095-ÄÐ-18-ÓÒ.jpg,
3300,842
2044,577
1824,839
1809,856
1674,1151
1662,1173
1671,1472
1624,1550
1775,1843
2250,2025
2777,2259
3272,1847
20095-ÄÐ-18-×ó.jpg,
3202,1175
2820,823
2303,927
1819,1232
1676,1542
1705,1604
1726,1899
1749,1931
1889,2193
1945,2236
2181,2503
3343,2060
20097-ÄÐ-18-ÓÒ.jpg,
3538,873
2095,356
1908,673
1720,724
1671,1007
1654,1036
1657,1318
1620,1424
1685,1773
2315,1998
2927,2276
3369,1916
20097-ÄÐ-18-×ó.jpg,
3402,953
2810,457
2296,766
1670,1027
1609,1383
1609,1464
1563,1784
1577,1832
1704,2139
1797,2275
2010,2559
3616,2067
20101-ÄÐ-20-ÓÒ.jpg,
3593,1040
2040,510
1832,762
1735,872
1645,1159
1602,1232
1670,1559
1619,1693
1700,2077
2269,2181
2882,2547
3564,2109
20101-ÄÐ-20-×ó.jpg,
3767,1346
3179,903
2647,1151
2127,1211
2013,1508
2019,1609
1965,1874
1979,1941
2022,2220
2126,2303
2297,2548
3675,2369
20102-ÄÐ-19-ÓÒ.jpg,
3720,977
2200,500
2002,789
1956,842
1802,1141
1761,1211
1748,1530
1727,1640
1837,1969
2368,2265
2926,2522
3476,2112
20102-ÄÐ-19-×ó.jpg,
3757,1093
3064,532
2563,800
2022,1074
1838,1390
1829,1532
1815,1870
1826,1900
1967,2256
1998,2306
2170,2651
3853,2298
20103-ÄÐ-18-ÓÒ.jpg,
3873,488
2309,364
2153,616
2063,737
1983,987
1938,1063
1999,1299
1954,1455
2092,1680
2552,1694
3046,1959
3800,1592
20103-ÄÐ-18-×ó.jpg,
3357,872
2319,587
2174,898
1779,1117
1675,1390
1752,1514
1725,1783
1782,1877
1933,2086
2070,2189
2240,2380
3748,1850
20104-ÄÐ-20-ÓÒ.jpg,
4352,827
2575,634
2359,988
2255,1110
2122,1478
2112,1541
2191,1914
2215,2038
2380,2410
2997,2478
3637,2781
4402,2136
20104-ÄÐ-20-×ó.jpg,
4357,1320
3659,811
3083,1081
2433,1217
2307,1605
2309,1743
2258,2123
2275,2158
2414,2493
2540,2598
2767,2935
4522,2606
20106-ÄÐ-18-ÓÒ.jpg,
3857,1049
2399,483
2201,781
2093,852
1889,1112
1832,1188
1825,1513
1795,1566
1890,1932
2475,2105
3256,2401
3761,2116
20106-ÄÐ-18-×ó.jpg,
3841,1153
3096,695
2582,999
2006,1101
1894,1446
1904,1503
1870,1850
1898,1889
2081,2215
2157,2296
2296,2627
4046,2230
20108-ÄÐ-20-ÓÒ.jpg,
4299,1015
2641,484
2373,824
2304,924
2090,1268
2041,1345
2020,1704
2027,1854
2159,2223
2843,2533
3553,2728
4224,2159
20108-ÄÐ-20-×ó.jpg,
4106,1184
3453,579
2911,883
2241,1003
2095,1352
2081,1495
2063,1831
2102,1919
2280,2249
2353,2376
2587,2677
4188,2249
20109-ÄÐ-22-ÓÒ.jpg,
3625,752
2107,439
1904,787
1775,843
1711,1212
1678,1266
1714,1617
1716,1647
1762,2052
2272,2137
3032,2398
3523,2103
20109-ÄÐ-22-×ó.jpg,
3488,912
2824,541
2251,924
1716,1016
1663,1386
1666,1424
1678,1776
1685,1814
1887,2134
1927,2164
2201,2485
3585,2063
20111-ÄÐ-22-ÓÒ.jpg,
3717,988
2271,502
2149,744
2066,819
1965,1067
1936,1121
1909,1416
1883,1496
1984,1804
2382,1950
2795,2242
3468,1865
20111-ÄÐ-22-×ó.jpg,
3751,1174
3066,552
2467,845
1905,868
1765,1165
1749,1317
1740,1633
1752,1706
1860,2033
1867,2093
2013,2396
3653,2321
20112-ÄÐ-18-ÓÒ.jpg,
3591,1055
2336,548
2091,753
2069,822
1883,1070
1872,1094
1798,1379
1809,1474
1891,1756
2291,1934
2742,2239
3362,2003
20112-ÄÐ-18-×ó.jpg,
3421,1239
3030,826
2531,1017
1959,1152
1887,1479
1889,1525
1881,1837
1891,1856
2025,2095
2067,2176
2260,2405
3430,2100
20113-ÄÐ-18-ÓÒ.jpg,
3384,1049
2316,607
2004,853
1982,892
1802,1163
1754,1211
1728,1478
1699,1586
1826,1869
2181,2020
2703,2228
3200,1928
20113-ÄÐ-18-×ó.jpg,
3406,934
2965,694
2453,896
2079,1195
1955,1499
1988,1613
2067,1909
2102,1946
2333,2157
2397,2198
2679,2374
3687,1774
20114-ÄÐ-30-ÓÒ.jpg,
4137,1045
2561,601
2399,848
2273,929
2157,1153
2142,1200
2110,1480
2077,1567
2181,1866
2554,2028
3009,2380
3806,2130
20114-ÄÐ-30-×ó.jpg,
3699,1004
2970,647
2531,929
2045,1161
1981,1463
1999,1535
2016,1804
2039,1857
2183,2104
2309,2182
2470,2423
3856,2024
20115-Å®-19-ÓÒ.jpg,
4530,978
2659,340
2319,743
2207,770
2031,1127
1983,1180
1988,1602
1977,1633
2102,2112
2757,2262
3501,2690
4171,2272
20115-Å®-19-×ó.jpg,
3998,1131
3392,691
2753,1033
2133,1215
2000,1620
2013,1661
2029,2082
2037,2108
2304,2470
2339,2493
2628,2871
4205,2334
20116-ÄÐ-20-ÓÒ.jpg,
4333,1343
2938,719
2671,977
2575,1030
2406,1240
2356,1283
2249,1581
2224,1635
2268,1989
2739,2324
3276,2687
4014,2425
20116-ÄÐ-20-×ó.jpg,
3898,1143
3207,835
2592,1153
2077,1481
1964,1859
1987,1947
2077,2303
2090,2343
2309,2605
2384,2689
2723,2974
4267,2293
20117-Å®-20-ÓÒ.jpg,
3921,978
2663,670
2416,928
2349,999
2186,1255
2170,1287
2155,1611
2149,1711
2266,2027
2721,2109
3239,2363
3839,2014
20117-Å®-20-×ó.jpg,
3635,1003
2973,702
2493,1049
2033,1287
1973,1656
2011,1731
2070,2076
2084,2113
2269,2387
2383,2404
2646,2667
4026,2043
20118-ÄÐ-21-ÓÒ.jpg,
3599,935
2326,601
2078,888
2052,922
1893,1205
1875,1270
1900,1572
1873,1648
1999,1953
2380,2088
2911,2323
3433,1968
20118-ÄÐ-21-×ó.jpg,
3604,1024
3114,630
2587,842
2240,1147
2072,1507
2079,1580
2103,1871
2103,1893
2232,2166
2353,2237
2631,2466
3761,1997
20122-Å®-27-×ó.jpg,
3576,999
2967,611
2361,884
1903,1047
1788,1421
1795,1467
1788,1829
1812,1869
1998,2205
2076,2273
2363,2612
3743,2135
20123-ÄÐ-22-ÓÒ.jpg,
3675,1036
2445,683
2233,948
2165,1005
2050,1263
2016,1296
2000,1579
1994,1655
2082,1945
2562,2014
2961,2289
3545,1868
20123-ÄÐ-22-×ó.jpg,
3745,1279
3200,814
2727,1034
2237,1127
2108,1427
2107,1520
2102,1805
2114,1846
2208,2109
2257,2145
2454,2406
3842,2095
20124-ÄÐ-18-ÓÒ.jpg,
2802,782
1849,380
1647,600
1599,626
1520,817
1514,853
1452,1076
1443,1145
1530,1388
1893,1568
2265,1674
2570,1470
20124-ÄÐ-18-×ó.jpg,
2822,965
2370,649
2011,823
1676,957
1594,1212
1580,1268
1597,1521
1607,1537
1741,1764
1756,1791
1916,2012
2963,1689
20128-Å®-25-ÓÒ.jpg,
1296,386
967,236
857,313
834,331
760,441
750,453
749,570
745,594
797,706
952,763
1122,847
1276,719
20128-Å®-25-×ó.jpg,
1100,223
903,123
783,250
642,326
600,455
601,480
637,602
646,616
734,699
780,726
910,789
1228,561
20129-Å®-27-ÓÒ.jpg,
3563,1028
2255,606
1977,873
1934,927
1767,1296
1739,1353
1756,1717
1736,1809
1899,2165
2369,2269
2873,2596
3541,2040
20129-Å®-27-×ó.jpg,
3575,855
2937,497
2541,818
2164,905
2061,1292
2098,1364
2227,1744
2234,1762
2463,2058
2554,2100
2885,2332
3755,1802
20130-ÄÐ-22-ÓÒ.jpg,
3825,631
2206,315
1971,630
1936,690
1833,1002
1815,1064
1781,1407
1781,1511
1968,1840
2563,2031
3217,2360
3836,1816
20130-ÄÐ-22-×ó.jpg,
3670,1039
2967,637
2480,941
1907,1157
1771,1475
1779,1583
1826,1921
1831,1975
2035,2254
2074,2302
2343,2601
3811,2127
20132-ÄÐ-22-ÓÒ.jpg,
3664,853
2258,504
2019,781
1968,835
1795,1101
1786,1131
1724,1440
1710,1490
1718,1788
2298,1896
2741,2286
3452,1900
20132-ÄÐ-22-×ó.jpg,
3481,1139
2637,715
2146,1049
1645,1129
1562,1434
1567,1477
1577,1783
1591,1812
1763,2104
1832,2155
2049,2448
3487,2199
20133-ÄÐ-18-ÓÒ.jpg,
3239,788
1780,315
1555,597
1519,629
1297,916
1281,953
1233,1278
1183,1383
1284,1749
1680,1848
2197,2288
2981,1916
20133-ÄÐ-18-×ó.jpg,
3256,848
2425,472
1970,944
1574,993
1439,1338
1485,1433
1517,1770
1527,1797
1721,2128
1752,2179
2054,2488
3522,1946
20135-ÄÐ-22-ÓÒ.jpg,
3839,731
2067,387
1885,716
1786,843
1696,1171
1650,1246
1695,1538
1673,1653
1819,1974
2441,2090
3035,2419
3748,1875
20135-ÄÐ-22-×ó.jpg,
2935,2137
2591,1699
2044,1697
1502,1827
1357,2078
1336,2165
1321,2418
1333,2464
1427,2739
1477,2813
1598,3074
2867,3067
20136-ÄÐ-21-ÓÒ.jpg,
3006,655
1898,245
1738,489
1690,532
1523,762
1506,773
1476,1026
1434,1102
1545,1395
1935,1554
2284,1883
2926,1529
20136-ÄÐ-21-×ó.jpg,
3119,646
2574,320
2205,632
1766,802
1726,1070
1755,1142
1751,1356
1783,1395
1908,1588
1959,1628
2123,1834
3289,1472
20139-ÄÐ-20-ÓÒ.jpg,
3753,969
2344,499
2089,792
2041,830
1833,1134
1803,1173
1756,1515
1742,1599
1819,1956
2243,2063
2828,2377
3548,2045
20139-ÄÐ-20-×ó.jpg,
3385,800
2724,615
2205,977
1751,1148
1755,1505
1784,1552
1858,1888
1893,1942
2136,2194
2224,2252
2561,2440
3671,1837
20141-ÄÐ-22-ÓÒ.jpg,
3830,1101
2470,708
2268,976
2206,1037
2052,1281
2021,1332
2033,1589
2013,1663
2119,1964
2594,2103
3188,2399
3694,2091
20141-ÄÐ-22-×ó.jpg,
3834,1027
3310,584
2724,759
2153,982
1987,1286
1996,1382
1964,1658
1991,1724
2161,2002
2184,2042
2405,2349
3836,2010
20143-ÄÐ-22-ÓÒ.jpg,
3669,777
2323,457
2131,785
2084,878
1982,1190
1965,1244
2035,1517
2042,1652
2171,1936
2711,2105
3291,2178
3654,1670
20143-ÄÐ-22-×ó.jpg,
3595,1002
3164,526
2645,791
1996,1018
1924,1364
1961,1489
1966,1781
2010,1845
2179,2105
2270,2192
2541,2420
3661,1916
20144-Å®-18-ÓÒ.jpg,
3685,890
2076,489
1895,819
1861,860
1638,1185
1627,1214
1611,1552
1534,1719
1757,1998
2328,2141
2874,2448
3472,2039
20144-Å®-18-×ó.jpg,
3347,1077
2788,693
2282,987
1653,1225
1554,1567
1558,1642
1628,1978
1648,1990
1761,2300
1950,2353
2196,2648
3554,2127
20147-ÄÐ-20-ÓÒ.jpg,
4392,1001
3035,504
2804,795
2663,910
2534,1176
2506,1209
2432,1540
2406,1684
2562,1997
2987,2197
3538,2499
4168,2142
20147-ÄÐ-20-×ó.jpg,
3776,1237
3125,904
2655,1197
2275,1441
2188,1744
2208,1823
2263,2121
2291,2147
2418,2389
2515,2442
2728,2710
4053,2230
20148-ÄÐ-21-ÓÒ.jpg,
3980,856
2324,561
2078,896
2011,946
1799,1285
1777,1331
1837,1644
1834,1730
1956,2074
2594,2277
3203,2681
3920,2135
20148-ÄÐ-21-×ó.jpg,
3783,1183
3263,684
2512,929
1861,1168
1767,1512
1737,1596
1759,1902
1781,1943
1956,2244
2050,2322
2263,2591
3737,2291
20149-ÄÐ-22-ÓÒ.jpg,
3470,972
2359,590
2072,845
2006,912
1860,1169
1824,1234
1782,1548
1779,1635
1869,1981
2457,2148
2935,2411
3482,1976
20149-ÄÐ-22-×ó.jpg,
3526,978
2976,469
2506,775
1904,905
1790,1238
1807,1314
1817,1634
1852,1684
1994,1990
2045,2053
2305,2335
3473,2004
20151-ÄÐ-21-ÓÒ.jpg,
3896,733
2328,499
2092,853
2005,951
1874,1281
1840,1336
1883,1676
1873,1791
2026,2159
2602,2370
3308,2593
3831,2057
20151-ÄÐ-21-×ó.jpg,
4150,1153
3405,532
2722,823
2147,1182
1983,1583
1987,1699
1969,2083
1984,2122
2193,2504
2251,2581
2517,2918
4255,2542
20152-ÄÐ-22-ÓÒ.jpg,
3376,799
2166,503
1966,765
1909,854
1792,1138
1759,1196
1797,1469
1794,1549
1938,1852
2415,1924
2943,2094
3361,1745
20152-ÄÐ-22-×ó.jpg,
3316,908
2802,638
2355,854
1933,1082
1891,1359
1914,1453
1933,1665
1974,1714
2118,1924
2183,1991
2367,2240
3496,1801
20153-ÄÐ-22-ÓÒ.jpg,
4286,1175
2984,806
2766,1081
2688,1153
2550,1417
2517,1444
2538,1735
2536,1836
2661,2148
3049,2204
3587,2498
4134,2188
20153-ÄÐ-22-×ó.jpg,
3937,1358
3263,909
2786,1210
2312,1297
2182,1602
2176,1689
2186,2020
2203,2064
2376,2376
2448,2441
2687,2751
4149,2385
20154-ÄÐ-22-ÓÒ.jpg,
4026,1056
2659,430
2332,753
2220,813
2017,1138
1979,1202
1922,1575
1917,1650
1961,2065
2550,2335
3144,2701
3869,2212
20154-ÄÐ-22-×ó.jpg,
3642,750
3011,444
2512,740
2057,1058
2107,1406
2110,1475
2193,1760
2238,1810
2484,2051
2554,2087
2850,2303
4018,1647
20155-ÄÐ-22-ÓÒ.jpg,
3424,626
2131,425
1988,727
1959,761
1857,1069
1870,1101
1873,1422
1873,1477
1991,1785
2499,1897
3146,1995
3468,1622
20155-ÄÐ-22-×ó.jpg,
3443,1021
2777,554
2312,1003
1796,1153
1710,1490
1722,1547
1763,1883
1767,1909
1911,2217
1972,2253
2188,2534
3518,2135
20157-Å®-26-ÓÒ.jpg,
4055,1005
2573,483
2282,758
2194,854
2037,1168
2008,1199
1948,1535
1940,1619
2054,2010
2556,2212
3225,2528
3801,2210
20157-Å®-26-×ó.jpg,
3844,1289
3326,889
2698,1166
2034,1358
1931,1711
1931,1783
1955,2143
1973,2179
2176,2515
2249,2567
2483,2880
4071,2410
20159-ÄÐ-20-ÓÒ.jpg,
3845,878
2303,627
2149,931
2077,1028
1968,1312
1941,1362
1983,1632
1940,1762
2075,2071
2599,2262
3285,2402
3841,2009
20160-Å®-20-ÓÒ.jpg,
3625,927
2072,589
1901,867
1836,935
1674,1210
1641,1252
1627,1563
1605,1662
1777,1952
2124,1954
2579,2307
3443,1962
20160-Å®-20-×ó.jpg,
3360,963
2785,625
2389,904
1987,959
1903,1267
1913,1333
1934,1604
1968,1652
2146,1877
2205,1953
2402,2163
3462,1812
20161-ÄÐ-22-ÓÒ.jpg,
3885,903
2557,465
2252,725
2175,805
1979,1121
1947,1195
1937,1499
1909,1663
2054,1952
2490,2214
2944,2530
3786,2065
20161-ÄÐ-22-×ó.jpg,
3780,1155
2938,712
2556,954
2090,1189
1960,1483
1964,1600
1979,1909
2024,2000
2183,2290
2272,2418
2519,2659
3917,2285
20163-ÄÐ-20-ÓÒ.jpg,
3499,849
1981,564
1832,843
1727,940
1619,1206
1582,1273
1594,1539
1556,1672
1730,1943
2228,2036
2683,2381
3343,1974
20163-ÄÐ-20-×ó.jpg,
3428,1000
2663,570
2170,873
1711,1053
1637,1348
1639,1407
1627,1698
1657,1757
1740,2019
1872,2145
1997,2418
3652,2143
20169-ÄÐ-22-ÓÒ.jpg,
3860,1158
2708,594
2429,817
2367,869
2166,1120
2114,1190
2055,1472
2027,1584
2085,1908
2551,2171
3014,2508
3632,2124
20169-ÄÐ-22-×ó.jpg,
3607,1170
2958,766
2542,1040
2128,1145
2034,1437
2067,1568
2062,1841
2090,1888
2226,2133
2302,2208
2511,2431
3687,2044
20170-Å®-22-ÓÒ.jpg,
3820,879
2233,587
1929,939
1835,1056
1713,1391
1710,1460
1745,1810
1732,1929
1956,2404
2561,2285
3322,2541
3929,2127
20170-Å®-22-×ó.jpg,
4045,1250
3393,806
2822,1046
2086,1061
1995,1504
2002,1644
1997,2025
2006,2077
2200,2411
2309,2506
2536,2868
4144,2298
20171-Å®-27-ÓÒ.jpg,
2670,599
1738,431
1517,711
1462,761
1316,1050
1301,1073
1294,1367
1304,1472
1470,1758
1858,1776
2316,1958
2861,1483
20171-Å®-27-×ó.jpg,
2679,958
2214,570
1736,703
1382,763
1210,1021
1202,1108
1183,1382
1201,1437
1272,1718
1322,1782
1491,2058
2678,1936
20172-ÄÐ-22-ÓÒ.jpg,
3946,757
2243,279
2042,647
1856,741
1761,1056
1707,1105
1677,1457
1658,1536
1735,1892
2372,2005
3005,2330
3735,1914
20172-ÄÐ-22-×ó.jpg,
3665,1384
3066,979
2384,1189
1779,1271
1637,1598
1657,1686
1684,2033
1716,2096
1838,2418
1921,2523
2095,2865
3916,2439
20175-ÄÐ-19-ÓÒ.jpg,
3507,1122
2382,629
2052,922
1987,967
1767,1306
1734,1345
1728,1683
1710,1791
1871,2130
2271,2272
2788,2521
3366,2171
20175-ÄÐ-19-×ó.jpg,
3436,638
2722,268
2142,663
1654,740
1529,1142
1553,1247
1588,1623
1643,1704
1856,2015
1958,2138
2317,2353
3616,1909
20176-ÄÐ-20-ÓÒ.jpg,
3757,825
2402,412
2238,671
2203,694
2066,971
2040,1033
2047,1340
2027,1426
2100,1753
2533,2040
3116,2163
3614,1806
20176-ÄÐ-20-×ó.jpg,
3540,1232
3067,835
2469,943
1976,1191
1858,1494
1895,1601
1904,1932
1916,1972
2055,2287
2090,2333
2327,2599
3680,2226
20177-Å®-20-ÓÒ.jpg,
3743,1336
3034,756
2457,1013
1929,1079
1696,1380
1679,1478
1623,1817
1663,1881
1737,2222
1833,2348
2066,2673
3726,2516
20177-Å®-20-×ó.jpg,
3859,922
2318,555
2081,836
1992,943
1868,1236
1847,1266
1817,1613
1816,1657
1909,1997
2435,2157
3092,2412
3686,2029
20178-ÄÐ-18-ÓÒ.jpg,
3624,672
2147,645
1991,930
1942,998
1863,1293
1843,1364
1925,1627
1943,1722
2116,2008
2814,1969
3405,2086
3808,1573
20178-ÄÐ-18-×ó.jpg,
3468,1295
2993,802
2399,968
1751,1024
1600,1336
1551,1476
1513,1784
1527,1828
1667,2148
1723,2226
1919,2539
3470,2240
20179-ÄÐ-20-ÓÒ.jpg,
4260,1082
2804,651
2514,1026
2424,1085
2209,1433
2174,1463
2164,1862
2156,1935
2324,2348
2897,2414
3554,2714
4178,2247
20179-ÄÐ-20-×ó.jpg,
4334,1159
3524,631
3001,984
2395,1139
2303,1532
2296,1590
2304,1972
2315,2005
2574,2366
2654,2413
2972,2761
4392,2374
20180-ÄÐ-22-ÓÒ.jpg,
4250,965
2447,445
2280,807
2152,916
2006,1269
1976,1314
1964,1671
1957,1750
2038,2151
2773,2490
3453,2758
4034,2248
20180-ÄÐ-22-×ó.jpg,
3921,1173
3290,648
2677,942
2043,1204
1968,1560
1976,1640
1996,1982
2006,2005
2182,2348
2249,2389
2385,2748
3944,2387
20181-Å®-26-ÓÒ.jpg,
4333,911
2647,585
2397,925
2277,1044
2161,1411
2138,1436
2159,1793
2147,1863
2287,2261
2966,2523
3672,2734
4243,2232
20181-Å®-26-×ó.jpg,
4126,1155
3488,730
2943,961
2348,1339
2247,1658
2286,1751
2290,2061
2330,2137
2509,2423
2600,2503
2894,2749
4296,2308
20182-ÄÐ-20-ÓÒ.jpg,
3814,1058
2257,631
2038,915
1970,964
1802,1267
1768,1317
1747,1628
1755,1758
1899,2084
2373,2405
2991,2636
3651,2171
20182-ÄÐ-20-×ó.jpg,
3487,1089
2842,691
2326,851
1876,1275
1754,1564
1751,1703
1788,1994
1808,2043
1974,2323
2016,2385
2272,2656
3761,2131
20184-ÄÐ-20-ÓÒ.jpg,
3343,991
2073,692
1825,973
1770,1040
1636,1316
1618,1364
1631,1656
1622,1726
1719,2016
2200,2132
2660,2485
3295,1988
20184-ÄÐ-20-×ó.jpg,
3565,853
2871,310
2288,583
1766,899
1648,1224
1613,1298
1627,1610
1644,1653
1826,1963
1882,2018
2158,2302
3608,2001
20185-ÄÐ-19-ÓÒ.jpg,
3672,870
2408,580
2207,773
2154,868
2035,1087
2004,1160
2026,1421
1979,1512
2137,1781
2505,1861
2960,2147
3639,1780
20185-ÄÐ-19-×ó.jpg,
3615,971
3017,717
2581,953
2229,1090
2118,1376
2135,1454
2135,1729
2149,1768
2334,2025
2380,2077
2586,2296
3891,1844
20187-ÄÐ-20-ÓÒ.jpg,
2824,828
1626,575
1455,818
1380,901
1298,1144
1270,1187
1281,1463
1285,1554
1436,1811
1900,1862
2337,2047
2751,1708
20187-ÄÐ-20-×ó.jpg,
2476,1002
2101,733
1727,898
1347,975
1224,1202
1226,1320
1208,1549
1235,1606
1341,1812
1400,1883
1583,2059
2570,1742
20188-ÄÐ-49-ÓÒ.jpg,
3900,829
2249,423
1974,700
1941,780
1684,1139
1670,1168
1696,1512
1682,1639
1819,2008
2390,2298
3077,2641
3835,2110
20188-ÄÐ-49-×ó.jpg,
3392,1208
2770,850
2240,1061
1835,1365
1755,1658
1759,1744
1768,2030
1795,2074
1976,2353
2065,2410
2268,2626
3621,2248
20189-Å®-18-ÓÒ.jpg,
3848,1124
2453,808
2264,1096
2149,1169
2019,1501
1981,1563
1973,1878
1990,1982
2055,2335
2759,2326
3290,2626
3862,2214
20189-Å®-18-×ó.jpg,
3852,1196
3097,820
2635,1155
2073,1236
1974,1587
1981,1659
2011,1989
2040,2023
2205,2317
2316,2403
2507,2667
3905,2192
20190-ÄÐ-18-ÓÒ.jpg,
3999,1498
2845,611
2547,841
2450,902
2211,1131
2165,1147
2021,1431
2003,1485
1982,1839
2333,2168
2743,2563
3439,2437
20190-ÄÐ-18-×ó.jpg,
3435,944
2762,578
2252,839
1767,1229
1728,1592
1734,1663
1855,1956
1867,1999
2070,2244
2146,2306
2393,2548
3706,1953
20192-ÄÐ-28-ÓÒ.jpg,
3698,917
2236,371
1998,628
1925,701
1700,987
1682,1017
1645,1330
1630,1439
1683,1772
2254,2104
2797,2445
3460,1988
20192-ÄÐ-28-×ó.jpg,
3403,1004
2933,637
2445,827
2003,1139
1929,1435
1927,1522
1940,1797
1960,1814
2156,2053
2215,2100
2400,2335
3637,1849
20194-ÄÐ-43-ÓÒ.jpg,
3764,1094
2590,605
2373,798
2343,832
2120,1055
2091,1110
2010,1392
1989,1440
2056,1748
2481,2009
3009,2346
3504,2039
20194-ÄÐ-43-×ó.jpg,
3733,1015
2998,602
2545,940
2078,1213
1977,1511
1994,1593
2051,1866
2068,1928
2231,2173
2294,2242
2513,2536
3939,2072
20195-Å®-25-ÓÒ.jpg,
3924,978
2668,688
2510,928
2446,992
2359,1230
2339,1253
2321,1509
2310,1541
2364,1821
2707,1880
3136,2131
3785,1913
20195-Å®-25-×ó.jpg,
3555,1191
2906,867
2416,1066
1982,1241
1927,1572
1916,1613
1952,1913
1974,1952
2114,2219
2224,2296
2483,2544
3673,2095
20196-Å®-28-ÓÒ.jpg,
3913,1295
2740,722
2441,954
2345,1017
2165,1314
2116,1376
2060,1710
2048,1769
2054,2138
2635,2290
3180,2653
3782,2345
20196-Å®-28-×ó.jpg,
3731,1056
3308,701
2669,933
2138,1130
2041,1493
2044,1572
2080,1927
2105,1984
2304,2291
2355,2357
2676,2595
3860,2105
20198-ÄÐ-28-ÓÒ.jpg,
4246,988
2634,543
2344,884
2291,951
2117,1289
2112,1332
2155,1707
2131,1817
2252,2191
2828,2263
3502,2531
3994,2123
20198-ÄÐ-28-×ó.jpg,
4004,1327
3453,981
2873,1161
2269,1382
2163,1718
2190,1810
2171,2151
2199,2196
2348,2530
2406,2570
2691,2862
4274,2394
20200-Å®-18-ÓÒ.jpg,
4226,809
2414,464
2242,793
2205,869
2011,1222
1996,1250
2031,1613
2026,1696
2151,2044
2662,2166
3287,2544
4087,2128
20200-Å®-18-×ó.jpg,
4406,1131
3644,612
2989,1028
2125,1192
2077,1609
2096,1697
2095,2073
2130,2114
2366,2485
2461,2592
2682,2924
4529,2441
20205-ÄÐ-19-ÓÒ.jpg,
4557,945
3118,484
2940,735
2798,820
2628,1118
2550,1199
2538,1508
2535,1599
2614,1936
3347,2338
3922,2454
4449,2030
20205-ÄÐ-19-×ó.jpg,
4099,1021
3521,522
3085,816
2250,1073
2189,1438
2172,1544
2208,1899
2234,1937
2420,2253
2502,2315
2738,2606
4176,2125
20207-ÄÐ-28-ÓÒ.jpg,
3059,1107
1957,623
1717,841
1670,890
1415,1200
1385,1234
1383,1560
1391,1667
1540,1996
2050,2090
2542,2301
2993,1962
20207-ÄÐ-28-×ó.jpg,
3149,1157
2711,808
2201,982
1648,1027
1474,1363
1460,1458
1458,1819
1486,1852
1681,2137
1740,2194
2043,2465
3172,2036
20208-Å®-27-ÓÒ.jpg,
4043,641
2437,310
2206,580
2104,648
1971,925
1953,943
1945,1254
1939,1286
2033,1605
2484,1844
3060,2070
3809,1750
20208-Å®-27-×ó.jpg,
3845,957
3185,569
2600,809
2046,984
1887,1297
1917,1364
1880,1674
1909,1745
2060,2049
2145,2110
2325,2404
4048,2149
20209-Å®-27-ÓÒ.jpg,
4039,1414
2763,918
2468,1168
2445,1214
2262,1496
2247,1545
2222,1849
2194,1976
2289,2277
2746,2461
3150,2803
3881,2435
20209-Å®-27-×ó.jpg,
3810,1325
3207,931
2771,1188
2315,1377
2190,1665
2192,1759
2194,2074
2208,2102
2339,2398
2366,2465
2566,2767
4027,2362
20211-ÄÐ-28-ÓÒ.jpg,
3969,897
2430,605
2184,876
2129,935
1983,1218
1960,1265
1994,1527
2013,1606
2081,1896
2581,2038
3085,2415
3828,2015
20211-ÄÐ-28-×ó.jpg,
3653,1243
3050,827
2553,1085
2059,1186
1929,1451
1898,1560
1863,1815
1873,1848
1954,2093
2032,2178
2289,2442
3756,2273
20212-ÄÐ-28-ÓÒ.jpg,
3587,856
2321,377
2132,602
2024,661
1907,868
1861,918
1823,1152
1840,1242
1899,1506
2219,1584
2519,1927
3232,1737
20212-ÄÐ-28-×ó.jpg,
3435,1014
2714,681
2290,1008
1906,1181
1833,1469
1813,1590
1868,1864
1892,1898
2032,2151
2116,2254
2361,2462
3653,2026
20214-Å®-22-ÓÒ.jpg,
3662,885
2236,541
2023,818
1940,930
1843,1215
1816,1253
1829,1542
1796,1622
1942,1899
2483,2132
2958,2392
3518,1970
20214-Å®-22-×ó.jpg,
3670,805
2819,296
2441,594
1955,859
1780,1153
1786,1257
1779,1578
1782,1601
1879,1877
1933,1947
2125,2248
3763,1863
20215-ÄÐ-20-ÓÒ.jpg,
3759,902
2519,442
2309,701
2252,747
2120,1011
2108,1039
2039,1315
2031,1370
2069,1636
2499,1809
2974,2042
3589,1696
20215-ÄÐ-20-×ó.jpg,
3414,739
2672,358
2280,728
1793,796
1735,1090
1749,1157
1782,1429
1824,1494
1956,1751
2011,1801
2183,2059
3773,1605
20218-ÄÐ-19-ÓÒ.jpg,
4067,896
2633,517
2390,794
2331,862
2185,1149
2144,1195
2118,1519
2128,1603
2219,1914
2825,2158
3347,2421
4021,1979
20218-ÄÐ-19-×ó.jpg,
4193,1581
3716,1160
3207,1276
2679,1431
2564,1683
2551,1774
2529,2048
2555,2092
2663,2373
2719,2428
2885,2669
4178,2497
20220-ÄÐ-24-ÓÒ.jpg,
3473,784
2203,442
1963,791
1881,853
1723,1196
1701,1249
1695,1567
1692,1684
1852,2027
2455,2091
2942,2301
3466,1810
20220-ÄÐ-24-×ó.jpg,
3516,962
2945,516
2409,796
1877,904
1697,1251
1704,1325
1710,1643
1739,1704
1901,2015
1950,2069
2187,2357
3503,2036
20222-Å®-20-ÓÒ.jpg,
3379,1034
2331,608
2106,841
2012,903
1853,1163
1822,1192
1868,1495
1864,1536
1931,1853
2492,2014
2900,2216
3288,1881
20222-Å®-20-×ó.jpg,
3155,1240
2779,870
2291,913
1790,1126
1656,1433
1670,1549
1612,1849
1651,1913
1829,2207
1871,2240
2179,2483
3221,2091
20223-Å®-39-ÓÒ.jpg,
3828,1046
2500,630
2295,916
2242,962
2083,1241
2047,1287
2085,1543
2090,1635
2160,1936
2670,2116
3135,2410
3776,2034
20223-Å®-39-×ó.jpg,
3913,1467
3273,880
2658,970
2105,1234
1942,1530
1943,1631
1890,1968
1895,1999
2017,2338
2086,2419
2285,2782
3831,2486
20226-ÄÐ-28-ÓÒ.jpg,
4075,1021
2660,431
2410,747
2307,829
2127,1165
2057,1208
2092,1542
2085,1646
2194,2011
2848,2315
3467,2372
3848,1955
20226-ÄÐ-28-×ó.jpg,
3997,1321
3540,848
3041,1037
2366,1195
2282,1549
2276,1651
2310,1979
2320,2014
2495,2335
2617,2420
2903,2715
4203,2283
20227-ÄÐ-18-ÓÒ.jpg,
3159,1328
2108,728
1829,947
1767,1001
1588,1235
1548,1275
1502,1547
1471,1636
1545,1933
1917,2112
2386,2334
2892,2045
20227-ÄÐ-18-×ó.jpg,
3089,1440
2852,1051
2322,1066
1826,1078
1715,1336
1686,1414
1661,1654
1669,1696
1766,1929
1796,1983
1946,2194
2847,2131
20228-ÄÐ-20-ÓÒ.jpg,
4457,1072
2766,532
2503,858
2419,921
2225,1263
2194,1310
2115,1694
2094,1788
2220,2157
2825,2437
3432,2831
4250,2322
20228-ÄÐ-20-×ó.jpg,
4140,1398
3419,777
2863,1101
2279,1201
2027,1484
2018,1604
1979,1950
2011,2046
2087,2400
2162,2505
2474,2901
4162,2655
20229-ÄÐ-21-ÓÒ.jpg,
3809,970
2788,547
2506,770
2455,838
2284,1109
2256,1129
2173,1441
2155,1521
2277,1793
2801,1958
3347,2179
3785,1854
20229-ÄÐ-21-×ó.jpg,
3773,1078
3163,628
2613,981
2167,1125
1980,1425
1958,1563
2025,1894
2015,1951
2223,2238
2266,2295
2529,2553
3911,2159
20230-ÄÐ-20-ÓÒ.jpg,
3392,921
2386,726
2149,949
2098,1005
1975,1278
1953,1322
1978,1589
1981,1662
2138,1918
2565,2142
3039,2120
3382,1748
20230-ÄÐ-20-×ó.jpg,
3475,1355
3021,872
2548,957
2065,1153
1882,1422
1871,1521
1854,1795
1877,1825
1957,2102
2019,2186
2289,2435
3497,2213
20231-Å®-22-ÓÒ.jpg,
3482,1240
2250,814
2068,1052
2014,1117
1867,1379
1826,1418
1833,1691
1806,1761
1886,2045
2218,2163
2598,2486
3311,2213
20231-Å®-22-×ó.jpg,
3536,1364
2912,1022
2426,1307
1927,1465
1903,1763
1938,1882
1935,2138
1968,2194
2033,2455
2157,2537
2362,2812
3638,2409
20232-ÄÐ-28-×ó.jpg,
3715,1040
3118,689
2641,989
2071,1185
2015,1497
2029,1602
2050,1872
2094,1942
2309,2176
2366,2242
2594,2464
3855,1989
20233-ÄÐ-21-ÓÒ.jpg,
3903,982
2478,624
2279,927
2253,960
2101,1264
2069,1334
2067,1643
2068,1748
2183,2065
2637,2183
3147,2521
3786,2074
20233-ÄÐ-21-×ó.jpg,
3690,984
3041,499
2511,839
2039,986
1928,1342
1929,1432
1889,1768
1892,1796
2063,2140
2089,2169
2283,2497
3753,2131
20235-ÄÐ-28-ÓÒ.jpg,
3820,1375
2799,760
2463,894
2404,938
2132,1214
2098,1253
2012,1600
1997,1673
2053,2062
2519,2386
3044,2730
3558,2425
20235-ÄÐ-28-×ó.jpg,
4042,911
3413,593
2940,934
2468,1387
2420,1777
2456,1852
2595,2223
2611,2258
2942,2513
3020,2574
3421,2709
4388,1991
20239-ÄÐ-20-ÓÒ.jpg,
3797,1004
2000,710
1838,1002
1760,1036
1659,1304
1630,1363
1626,1665
1616,1728
1687,2041
2162,2175
2782,2556
3515,2216
20239-ÄÐ-20-×ó.jpg,
3713,770
2860,371
2251,742
1721,933
1664,1283
1677,1370
1677,1695
1696,1752
1834,2045
1918,2103
2071,2442
4000,2086
20240-ÄÐ-28-ÓÒ.jpg,
4054,937
2328,280
2037,639
1983,690
1806,1067
1797,1110
1770,1473
1764,1545
1851,1958
2355,2162
2887,2617
3697,2278
20240-ÄÐ-28-×ó.jpg,
3810,690
3125,346
2470,798
1861,979
1765,1397
1765,1506
1783,1844
1809,1898
1987,2222
2099,2307
2382,2601
4074,2075
20241-ÄÐ-22-ÓÒ.jpg,
3387,567
2187,272
2005,547
1954,600
1865,870
1852,918
1842,1196
1837,1254
1976,1544
2269,1652
2722,1960
3243,1599
20241-ÄÐ-22-×ó.jpg,
2777,833
2309,520
1915,790
1736,894
1634,1141
1631,1224
1615,1463
1630,1509
1699,1737
1741,1786
1945,2021
3056,1649
20242-ÄÐ-38-ÓÒ.jpg,
3568,852
2022,671
1927,976
1876,1055
1818,1322
1807,1381
1809,1636
1822,1688
1905,1989
2271,2162
2743,2401
3458,1979
20242-ÄÐ-38-×ó.jpg,
3418,985
2720,799
2286,1140
1886,1253
1878,1543
1904,1609
1972,1882
1987,1903
2152,2174
2192,2192
2372,2464
3802,1976
20243-ÄÐ-28-ÓÒ.jpg,
4187,1098
3578,691
3039,1042
2493,1198
2386,1551
2399,1668
2431,1992
2479,2039
2635,2348
2802,2446
3108,2690
4321,2099
20243-ÄÐ-28-×ó.jpg,
4168,1234
2770,655
2513,971
2390,1081
2181,1404
2150,1487
2147,1845
2153,1955
2287,2348
2841,2426
3507,2726
4015,2351
20244-ÄÐ-18-ÓÒ.jpg,
3603,833
2090,490
1912,777
1845,912
1722,1201
1676,1292
1704,1589
1687,1683
1825,2008
2156,2115
2684,2447
3513,1981
20244-ÄÐ-18-×ó.jpg,
3403,1066
2703,652
2116,1016
1760,1079
1626,1431
1645,1537
1633,1862
1687,1950
1836,2246
1921,2367
2128,2665
3508,2278
20245-ÄÐ-19-ÓÒ.jpg,
3605,1080
2317,664
2076,927
2000,994
1863,1242
1822,1301
1846,1568
1850,1622
1898,1931
2521,2091
2775,2449
3558,2005
20245-ÄÐ-19-×ó.jpg,
3560,1023
2992,666
2597,909
1942,1174
1880,1460
1882,1538
1918,1829
1941,1864
2144,2100
2205,2135
2433,2380
3679,1942
20248-ÄÐ-20-ÓÒ.jpg,
2707,1571
1792,1320
1612,1513
1570,1553
1444,1772
1431,1824
1409,2059
1411,2143
1484,2402
1931,2494
2326,2649
2720,2333
20248-ÄÐ-20-×ó.jpg,
3764,1166
2447,919
2199,1215
2146,1269
2013,1604
2006,1631
2004,1978
2018,2076
2174,2396
2846,2508
3404,2594
3801,2091
20249-Å®-40-ÓÒ.jpg,
3835,900
2261,348
2041,678
1933,758
1754,1075
1724,1122
1749,1489
1748,1550
1818,1945
2406,2126
2991,2583
3681,2131
20249-Å®-40-×ó.jpg,
3576,1021
2893,544
2364,820
1808,1020
1689,1354
1707,1434
1679,1764
1702,1809
1822,2116
1888,2190
2038,2544
3679,2214
20250-ÄÐ-28-ÓÒ.jpg,
2229,493
1553,197
1439,344
1384,390
1304,544
1270,589
1269,756
1229,817
1294,983
1553,1053
1797,1252
2204,1040
20250-ÄÐ-28-×ó.jpg,
2257,479
1892,185
1641,333
1306,400
1240,559
1273,645
1254,807
1277,848
1357,1001
1401,1052
1498,1210
2216,1030
20251-Å®-30-ÓÒ.jpg,
3622,794
2307,314
2138,561
2075,616
1889,889
1857,949
1816,1227
1821,1294
1944,1634
2294,1710
2648,2069
3401,1784
20251-Å®-30-×ó.jpg,
3429,450
2673,151
2304,514
1953,678
1857,971
1856,1036
1894,1331
1908,1362
2017,1622
2102,1693
2307,1965
3711,1475
20254-Å®-23-ÓÒ.jpg,
3040,1227
1971,981
1711,1221
1654,1283
1499,1547
1488,1586
1477,1869
1486,1980
1611,2276
2083,2320
2682,2447
3057,2158
20254-Å®-23-×ó.jpg,
3036,1327
2558,999
2002,1137
1542,1258
1429,1588
1414,1670
1434,1971
1448,2010
1643,2323
1676,2368
2044,2581
3140,2247
20255-ÄÐ-30-ÓÒ.jpg,
3898,945
2468,534
2302,772
2211,835
2075,1074
2048,1105
2016,1384
2001,1438
2076,1743
2628,1933
3075,2269
3699,1836
20255-ÄÐ-30-×ó.jpg,
3626,959
2743,509
2280,878
1756,1152
1701,1462
1722,1572
1699,1815
1754,1887
1899,2146
2006,2204
2176,2487
3865,1966
20256-ÄÐ-30-ÓÒ.jpg,
3447,883
2278,666
2062,892
2034,948
1908,1233
1887,1286
1892,1582
1884,1657
2024,1956
2462,2007
2998,2195
3393,1849
20256-ÄÐ-30-×ó.jpg,
3776,1135
3155,655
2661,986
2069,1123
1925,1445
1946,1518
1957,1861
1981,1905
2116,2242
2178,2310
2440,2629
3884,2326
20258-ÄÐ-20-ÓÒ.jpg,
3781,1091
2359,636
2164,910
2079,997
1971,1243
1924,1331
1919,1620
1888,1732
1993,2018
2429,2030
2884,2389
3574,2083
20258-ÄÐ-20-×ó.jpg,
3285,897
2624,589
2180,909
1805,959
1710,1241
1726,1300
1719,1544
1779,1642
1879,1854
1951,1926
2109,2158
3394,1827
20260-ÄÐ-25-×ó.jpg,
3596,1141
3116,726
2548,916
1973,1127
1928,1455
1940,1529
1942,1821
1960,1862
2097,2143
2149,2212
2359,2491
3705,2115
20264-ÄÐ-23-ÓÒ.jpg,
3896,1123
2701,550
2378,779
2254,853
2030,1098
2009,1122
1897,1437
1869,1546
1913,1907
2501,2187
3022,2587
3804,2294
20264-ÄÐ-23-×ó.jpg,
3707,758
2960,450
2370,782
1881,1077
1840,1428
1845,1511
1933,1831
1934,1857
2143,2103
2256,2207
2562,2444
3987,1929
20268-ÄÐ-23-ÓÒ.jpg,
3780,689
2065,416
1921,777
1838,852
1739,1160
1728,1202
1723,1539
1737,1633
1885,1942
2311,2093
2809,2406
3615,1843
20268-ÄÐ-23-×ó.jpg,
3723,700
2909,280
2325,648
1817,916
1715,1263
1759,1372
1789,1692
1829,1742
2046,2046
2126,2114
2341,2403
3987,1857
20269-ÄÐ-37-ÓÒ.jpg,
3627,966
2215,515
1962,813
1891,872
1725,1199
1695,1266
1673,1619
1644,1725
1762,2089
2317,2201
2881,2527
3513,2120
20269-ÄÐ-37-×ó.jpg,
3473,1054
2934,763
2423,1051
1949,1272
1916,1603
1915,1653
1988,1956
2032,2014
2209,2273
2304,2343
2589,2540
3704,2068
20271-ÄÐ-23-ÓÒ.jpg,
3811,1037
2499,631
2271,891
2237,932
2085,1215
2062,1258
2058,1537
2052,1589
2140,1877
2632,1997
3207,2200
3681,1855
20271-ÄÐ-23-×ó.jpg,
3615,1016
3094,639
2518,896
2026,1000
1912,1296
1924,1378
1894,1679
1929,1730
2102,2058
2121,2096
2392,2341
3770,1984
20272-Å®-18-ÓÒ.jpg,
3065,593
1821,334
1683,602
1644,658
1544,920
1530,941
1511,1244
1498,1303
1593,1596
2015,1577
2476,1831
2982,1534
20272-Å®-18-×ó.jpg,
3071,637
2732,400
2254,590
1821,745
1749,1036
1763,1095
1807,1378
1829,1405
1993,1630
2055,1686
2234,1896
3259,1439
20273-Å®-24-ÓÒ.jpg,
3539,791
2331,482
2145,751
2057,852
1960,1149
1944,1194
2007,1520
2036,1599
2160,1934
2788,2034
3291,2127
3596,1643
20273-Å®-24-×ó.jpg,
3489,1320
3100,824
2605,985
1965,1106
1829,1464
1789,1561
1751,1911
1777,1965
1884,2260
1975,2345
2172,2603
3476,2216
20274-ÄÐ-28-ÓÒ.jpg,
3736,483
2183,279
2005,635
1948,700
1875,1031
1876,1048
1909,1397
1927,1477
2134,1815
2632,1991
3252,2251
3740,1725
20274-ÄÐ-28-×ó.jpg,
3826,1081
3405,668
2775,890
2195,1169
2101,1544
2109,1589
2115,1925
2127,1960
2244,2275
2319,2340
2582,2637
3922,2189
20275-ÄÐ-35-ÓÒ.jpg,
2831,683
1789,322
1600,533
1537,585
1419,808
1398,840
1392,1065
1377,1185
1451,1449
1820,1531
2206,1795
2684,1517
20275-ÄÐ-35-×ó.jpg,
2774,887
2405,551
2080,770
1673,787
1594,1014
1605,1103
1559,1298
1573,1339
1636,1537
1708,1614
1791,1794
2865,1642
20276-ÄÐ-35-ÓÒ.jpg,
4163,1014
2640,597
2398,894
2317,970
2157,1275
2127,1314
2109,1651
2105,1741
2273,2103
2779,2364
3388,2684
3982,2247
20276-ÄÐ-35-×ó.jpg,
4285,1333
3782,856
3090,1071
2288,1210
2142,1583
2146,1656
2117,2039
2145,2102
2315,2475
2368,2561
2644,2945
4390,2565
20277-Å®-27-ÓÒ.jpg,
4070,1111
2503,654
2298,946
2178,1063
2053,1343
1968,1426
1994,1697
2003,1805
2135,2164
2557,2166
3129,2565
3890,2179
20277-Å®-27-×ó.jpg,
3886,1355
3220,880
2699,1159
2276,1247
2116,1569
2109,1625
2092,1945
2109,1980
2283,2310
2349,2427
2546,2736
4078,2361
20278-Å®-27-ÓÒ.jpg,
3552,791
2263,319
1956,647
1864,700
1695,1017
1662,1074
1649,1412
1670,1478
1800,1840
2413,2147
3000,2334
3546,1870
20278-Å®-27-×ó.jpg,
3601,1182
3057,746
2494,976
1858,1193
1712,1529
1701,1579
1702,1902
1737,1960
1879,2273
1996,2380
2224,2687
3694,2283
20279-Å®-25-ÓÒ.jpg,
3732,792
2196,360
2030,680
1954,767
1825,1045
1798,1098
1786,1366
1784,1449
1885,1738
2138,1977
2611,2211
3529,1922
20279-Å®-25-×ó.jpg,
3517,688
2589,423
2300,875
1877,1046
1820,1377
1826,1444
1878,1737
1905,1784
2088,2045
2166,2140
2402,2397
3750,1823
20280-ÄÐ-19-ÓÒ.jpg,
3957,1047
2858,515
2657,727
2584,782
2399,1016
2361,1067
2286,1348
2265,1447
2331,1750
2770,1947
3260,2215
3740,1913
20280-ÄÐ-19-×ó.jpg,
3678,1445
2963,950
2624,1307
2089,1463
2019,1798
2000,1887
2033,2205
2040,2230
2159,2533
2244,2629
2465,2896
3980,2443
20281-ÄÐ-21-ÓÒ.jpg,
3637,890
2375,438
2163,686
2086,771
1918,1016
1883,1043
1849,1354
1815,1420
1867,1769
2359,1970
2855,2325
3429,1965
20281-ÄÐ-21-×ó.jpg,
3572,884
2887,427
2495,812
1956,968
1892,1316
1916,1425
1934,1692
1968,1738
2081,2000
2231,2081
2458,2346
3774,1931
20282-ÄÐ-36-×ó.jpg,
2721,757
2367,464
1920,569
1571,682
1456,881
1443,957
1419,1154
1426,1183
1503,1364
1570,1429
1716,1612
2571,1494
20283-Å®-23-ÓÒ.jpg,
3082,1346
2079,1049
1938,1248
1912,1285
1790,1508
1787,1530
1818,1768
1808,1827
1844,2074
2100,2154
2454,2349
3071,2100
20283-Å®-23-×ó.jpg,
3055,1136
2574,867
2273,1119
1968,1206
1918,1446
1910,1502
1897,1711
1906,1744
2018,1945
2051,1983
2213,2161
3123,1850
20284-ÄÐ-23-ÓÒ.jpg,
4034,667
2429,242
2232,517
2191,560
2026,800
1995,836
2017,1088
2019,1129
2107,1416
2481,1540
2898,1964
3743,1681
20284-ÄÐ-23-×ó.jpg,
3173,697
2458,367
2065,672
1677,873
1611,1139
1596,1186
1615,1437
1640,1475
1771,1679
1903,1752
2107,1997
3454,1500
20285-ÄÐ-23-ÓÒ.jpg,
3766,1013
2295,566
2105,823
2035,867
1873,1144
1850,1168
1833,1464
1801,1532
1897,1832
2283,2052
2844,2315
3521,2006
20285-ÄÐ-23-×ó.jpg,
3716,885
2974,389
2499,761
1964,935
1828,1262
1845,1345
1862,1654
1866,1682
1995,1985
2035,2038
2261,2311
3828,1950
20286-Å®-23-ÓÒ.jpg,
3088,466
1943,181
1712,462
1649,508
1512,758
1481,808
1462,1084
1458,1147
1570,1448
2123,1747
2686,1833
3099,1439
20286-Å®-23-×ó.jpg,
2883,778
2474,457
2013,656
1529,810
1455,1100
1452,1148
1492,1436
1504,1457
1639,1698
1695,1740
1966,1983
2973,1638
20287-ÄÐ-28-ÓÒ.jpg,
3731,853
2056,467
1844,791
1795,867
1667,1170
1664,1204
1648,1547
1671,1645
1773,1992
2245,2095
2759,2504
3551,1946
20287-ÄÐ-28-×ó.jpg,
3368,1054
2614,486
2110,861
1565,1031
1481,1331
1489,1471
1502,1803
1508,1840
1650,2149
1700,2248
1879,2537
3540,2093
20288-Å®-19-ÓÒ.jpg,
3092,508
2239,217
2083,407
2021,456
1888,670
1860,699
1859,939
1848,980
1940,1225
2330,1361
2700,1505
3092,1212
20288-Å®-19-×ó.jpg,
2965,815
2547,487
2173,655
1792,788
1690,1038
1680,1087
1681,1361
1686,1372
1803,1614
1864,1665
2038,1886
3099,1647
20289-ÄÐ-19-ÓÒ.jpg,
3052,849
1828,651
1626,875
1616,930
1522,1212
1490,1279
1511,1552
1502,1601
1649,1902
2103,2007
2594,2237
3064,1854
20290-Å®-19-×ó.jpg,
3710,1143
3162,752
2661,1021
2137,1142
2043,1454
2055,1527
2046,1817
2067,1860
2228,2112
2293,2177
2514,2438
3726,2131
20291-ÄÐ-23-×ó.jpg,
3557,1006
2848,659
2327,1007
1994,1135
1803,1469
1829,1591
1831,1893
1860,1944
2017,2227
2135,2329
2307,2573
3770,2113
20292-ÄÐ-28-ÓÒ.jpg,
3900,925
2394,469
2190,780
2083,870
1997,1184
1983,1241
1959,1586
1947,1722
2065,2092
2635,2209
3230,2497
3814,1964
20292-ÄÐ-28-×ó.jpg,
3622,1205
3127,735
2650,1018
2024,1210
1993,1583
1996,1650
2045,1987
2059,2021
2168,2328
2298,2415
2507,2700
3741,2137
20293-ÄÐ-26-ÓÒ.jpg,
3628,921
2320,500
2118,759
2013,833
1844,1104
1811,1167
1813,1467
1798,1598
1871,1913
2363,2105
2913,2356
3521,1991
20293-ÄÐ-26-×ó.jpg,
3574,918
2881,502
2341,762
1832,860
1746,1226
1723,1348
1743,1691
1754,1744
1950,2066
2000,2102
2231,2420
3684,2043
20294-Å®-18-×ó.jpg,
1576,286
1277,138
1172,280
971,342
914,455
951,510
974,630
989,642
1089,742
1127,768
1247,860
1630,644
20296-ÄÐ-20-ÓÒ.jpg,
3713,721
2388,396
2209,676
2123,765
2027,996
1995,1051
2010,1288
2012,1370
2141,1641
2555,1795
2957,2048
3549,1693
20296-ÄÐ-20-×ó.jpg,
3268,768
2699,488
2312,828
1884,1034
1852,1276
1873,1353
1904,1588
1943,1645
2130,1854
2186,1908
2392,2136
3578,1652
20298-ÄÐ-28-ÓÒ.jpg,
4155,1121
2421,468
2299,780
2125,891
1993,1164
1934,1228
1929,1561
1915,1651
1936,2035
2491,2186
3078,2648
3922,2197
20298-ÄÐ-28-×ó.jpg,
3777,1139
3125,597
2488,963
1820,1119
1791,1433
1776,1555
1762,1839
1792,1897
1832,2187
2006,2220
2143,2571
4002,2240
20300-ÄÐ-18-ÓÒ.jpg,
3629,843
1908,616
1778,918
1702,987
1640,1235
1589,1294
1586,1564
1583,1635
1666,1966
2248,2079
2838,2484
3541,2037
20300-ÄÐ-18-×ó.jpg,
3334,1109
2738,695
2222,1030
1668,1184
1578,1470
1590,1548
1589,1802
1619,1845
1737,2097
1783,2157
1938,2448
3516,2191
20303-ÄÐ-23-ÓÒ.jpg,
4203,1307
2776,693
2509,966
2414,1042
2222,1321
2207,1366
2143,1691
2132,1797
2187,2142
2689,2508
3307,2779
3945,2427
20303-ÄÐ-23-×ó.jpg,
4310,1092
3586,603
2962,957
2261,1218
2136,1617
2135,1804
2182,2181
2214,2233
2432,2582
2581,2692
2895,2998
4510,2327
20304-Å®-20-ÓÒ.jpg,
3960,832
2624,501
2453,773
2354,861
2256,1117
2221,1192
2249,1454
2245,1527
2432,1792
2825,1935
3343,2141
3883,1768
20304-Å®-20-×ó.jpg,
3648,964
3164,554
2644,839
2136,1041
2060,1343
2069,1451
2050,1720
2083,1772
2186,2013
2304,2084
2481,2332
3777,1947
20306-ÄÐ-29-ÓÒ.jpg,
3427,901
2069,595
1872,912
1826,974
1685,1311
1668,1360
1662,1668
1651,1747
1875,2050
2164,2154
2745,2403
3238,2138
20306-ÄÐ-29-×ó.jpg,
3324,1059
2673,733
2173,1063
1807,1185
1656,1508
1651,1610
1660,1950
1670,1995
1792,2328
1835,2415
2072,2773
3694,2411
20307-Å®-19-ÓÒ.jpg,
2945,656
1754,371
1610,617
1498,669
1409,909
1382,939
1364,1174
1362,1254
1427,1491
1896,1553
2121,1896
2891,1478
20307-Å®-19-×ó.jpg,
2550,827
1940,533
1701,820
1314,907
1261,1131
1266,1201
1290,1422
1310,1437
1422,1656
1527,1690
1671,1872
2687,1544
20310-ÄÐ-33-ÓÒ.jpg,
3356,884
1846,470
1626,730
1534,839
1380,1091
1336,1166
1337,1451
1350,1564
1412,1908
1916,2023
2350,2432
3141,1940
20310-ÄÐ-33-×ó.jpg,
3099,825
2488,602
2079,905
1830,1186
1782,1464
1802,1535
1854,1764
1876,1792
2053,1951
2131,2012
2386,2172
3497,1654
20313-Å®-23-ÓÒ.jpg,
3441,832
2065,426
1854,727
1776,803
1644,1102
1616,1156
1592,1475
1595,1557
1749,1864
2106,1942
2596,2238
3207,1937
20313-Å®-23-×ó.jpg,
3291,1104
2711,747
2103,954
1703,1166
1542,1512
1534,1600
1568,1932
1588,1966
1730,2288
1842,2388
2086,2677
3546,2276
20314-ÄÐ-33-ÓÒ.jpg,
3805,1069
2393,662
2199,933
2136,972
1980,1222
1970,1250
1943,1560
1942,1668
2039,2013
2552,2205
3019,2512
3660,2109
20314-ÄÐ-33-×ó.jpg,
3546,1069
2868,724
2428,975
1910,1332
1804,1652
1801,1780
1858,2072
1882,2096
2074,2347
2127,2394
2355,2650
3898,2064
20315-ÄÐ-33-ÓÒ.jpg,
3586,1154
2177,727
1961,1017
1871,1089
1753,1339
1734,1366
1725,1694
1715,1799
1797,2123
2358,2319
2829,2572
3452,2184
20315-ÄÐ-33-×ó.jpg,
3651,1097
3024,731
2630,1074
2025,1191
1950,1496
1962,1597
1963,1880
1981,1915
2108,2138
2211,2219
2399,2487
3897,2090
20316-Å®-23-ÓÒ.jpg,
3422,1070
2073,908
1923,1159
1907,1179
1793,1425
1759,1475
1789,1741
1794,1793
1896,2079
2210,2103
2662,2352
3248,2055
20317-Å®-19-ÓÒ.jpg,
4306,1369
2778,686
2487,974
2398,1024
2150,1332
2121,1355
2050,1691
2039,1759
2070,2136
2567,2378
3001,2874
3907,2599
20317-Å®-19-×ó.jpg,
4048,959
3135,638
2551,1043
2089,1162
1975,1563
2006,1651
2069,2020
2103,2055
2247,2390
2381,2474
2714,2785
4359,2234
20320-ÄÐ-23-×ó.jpg,
3441,904
2824,582
2394,949
2005,1134
1955,1441
1973,1499
1994,1773
2009,1797
2202,2055
2241,2091
2569,2299
3642,1838
20321-ÄÐ-18-ÓÒ.jpg,
3704,994
2233,593
2083,859
2013,906
1874,1156
1821,1218
1787,1521
1782,1602
1865,1909
2345,2033
2825,2365
3549,2039
20325-ÄÐ-23-ÓÒ.jpg,
1693,407
1218,211
1137,311
1105,331
1024,433
1016,440
1010,560
1010,588
1041,716
1217,776
1426,875
1595,784
20325-ÄÐ-23-×ó.jpg,
1402,347
1238,209
1053,284
874,381
830,490
836,517
832,627
836,650
892,745
916,777
988,871
1464,759
20326-Å®-31-ÓÒ.jpg,
3244,876
1998,515
1806,794
1721,883
1585,1153
1545,1221
1526,1493
1523,1557
1611,1901
2182,2066
2707,2308
3201,1924
20326-Å®-31-×ó.jpg,
3349,802
2624,424
2179,762
1633,957
1540,1336
1541,1386
1577,1710
1613,1765
1770,2068
1893,2175
2158,2475
3489,1915
20327-ÄÐ-33-ÓÒ.jpg,
3552,939
2217,652
1998,911
1922,1001
1796,1246
1778,1294
1776,1552
1778,1669
1854,1971
2538,2120
3135,2299
3544,1903
20327-ÄÐ-33-×ó.jpg,
3617,1168
3038,709
2541,958
1892,1092
1791,1402
1777,1516
1793,1811
1807,1864
1938,2121
2004,2221
2235,2505
3712,2165
20328-ÄÐ-31-ÓÒ.jpg,
3845,1160
2387,681
2140,944
2026,1004
1874,1299
1813,1374
1776,1664
1759,1759
1841,2092
2383,2334
2770,2802
3613,2446
20328-ÄÐ-31-×ó.jpg,
3532,1222
2911,836
2565,1124
2044,1304
1955,1590
1933,1648
1983,1947
2012,1979
2184,2259
2220,2289
2412,2544
3576,2226
20329-Å®-18-ÓÒ.jpg,
3986,1195
2612,612
2344,853
2304,892
2092,1212
2073,1264
2034,1569
2033,1672
2110,1986
2485,2092
3123,2375
3673,2110
20329-Å®-18-×ó.jpg,
3489,1003
3058,740
2427,939
1985,1020
1869,1355
1849,1434
1858,1778
1877,1804
1984,2086
2110,2153
2311,2426
3709,1892
20330-ÄÐ-18-ÓÒ.jpg,
4258,1373
2568,889
2348,1215
2249,1297
2112,1570
2082,1623
2078,1957
2077,2033
2206,2416
2704,2540
3309,2903
3993,2598
20330-ÄÐ-18-×ó.jpg,
4132,1242
3484,634
2811,797
2146,895
1931,1267
1923,1361
1862,1762
1895,1804
2090,2197
2158,2290
2326,2627
4004,2533
20331-Å®-19-ÓÒ.jpg,
4312,1372
2761,887
2563,1200
2411,1293
2272,1600
2225,1638
2205,2000
2203,2102
2285,2485
2864,2607
3401,2993
4247,2541
20331-Å®-19-×ó.jpg,
4214,1274
3565,887
3092,1134
2541,1422
2479,1757
2475,1855
2573,2184
2603,2226
2777,2533
2932,2567
3164,2844
4445,2266
20332-Å®-29-ÓÒ.jpg,
3798,1011
2323,394
2018,715
1929,786
1744,1100
1722,1125
1626,1494
1616,1572
1747,1989
2282,2188
2877,2506
3490,2141
20332-Å®-29-×ó.jpg,
3285,1087
2766,757
2212,934
1699,1094
1565,1426
1575,1491
1590,1790
1605,1824
1741,2097
1825,2148
2045,2454
3413,2022
20333-Å®-19-ÓÒ.jpg,
3637,1110
2865,675
2544,867
2471,915
2251,1150
2212,1191
2146,1436
2133,1493
2148,1780
2654,2032
3091,2285
3485,1957
20333-Å®-19-×ó.jpg,
3408,1177
3009,805
2463,992
1908,1177
1814,1486
1826,1565
1833,1868
1847,1916
2033,2224
2099,2290
2313,2554
3529,2222
20334-Å®-22-×ó.jpg,
4020,1117
3207,670
2634,951
2097,1188
1960,1565
1939,1648
1932,2015
1945,2038
2091,2408
2168,2465
2460,2832
4194,2305
20339-ÄÐ-23-ÓÒ.jpg,
3659,949
2164,441
1955,703
1849,807
1706,1080
1653,1136
1625,1435
1599,1497
1679,1839
2259,2135
2786,2481
3613,2078
20339-ÄÐ-23-×ó.jpg,
3430,1124
2784,691
2327,896
1772,1183
1675,1497
1688,1553
1678,1863
1727,1929
1897,2206
1954,2266
2156,2539
3539,2094
20346-ÄÐ-23-ÓÒ.jpg,
3293,1123
1912,641
1709,891
1627,956
1531,1202
1490,1254
1490,1515
1465,1567
1516,1860
2030,2034
2471,2288
3040,2001
20346-ÄÐ-23-×ó.jpg,
3080,948
2484,704
2132,1010
1674,1163
1635,1447
1646,1525
1685,1793
1693,1809
1841,2061
1884,2102
2079,2350
3418,1858
20352-ÄÐ-23-ÓÒ.jpg,
3436,1117
2135,659
1886,932
1807,981
1677,1250
1627,1318
1618,1581
1605,1664
1670,1944
2057,2129
2489,2412
3166,2140
20352-ÄÐ-23-×ó.jpg,
3627,1216
3049,775
2541,1019
1942,1167
1823,1457
1823,1549
1839,1839
1856,1894
1963,2179
2050,2270
2272,2574
3705,2343
20353-Å®-19-ÓÒ.jpg,
3214,791
2313,359
2106,520
2046,564
1893,776
1879,806
1849,1063
1829,1130
1905,1381
2274,1589
2652,1767
2976,1576
20353-Å®-19-×ó.jpg,
3057,866
2781,672
2402,726
2019,982
1937,1208
1937,1268
1955,1502
1960,1522
2115,1740
2151,1790
2332,1941
3233,1623
20355-Å®-19-ÓÒ.jpg,
2713,1015
1923,543
1685,710
1560,768
1420,956
1383,1005
1331,1236
1313,1284
1357,1517
1711,1665
2079,1861
2490,1694
20355-Å®-19-×ó.jpg,
2623,632
2138,451
1822,681
1451,895
1427,1133
1448,1178
1525,1402
1548,1439
1761,1637
1808,1670
2084,1829
2895,1300
20356-ÄÐ-30-ÓÒ.jpg,
4075,1474
3028,802
2734,1006
2716,1021
2467,1276
2449,1299
2334,1585
2309,1644
2376,1969
2560,2256
3094,2548
3611,2433
20356-ÄÐ-30-×ó.jpg,
3494,599
2853,440
2398,839
2199,1118
2149,1474
2176,1561
2266,1851
2282,1896
2503,2089
2557,2162
2884,2310
3914,1620
20358-ÄÐ-25-ÓÒ.jpg,
3803,924
2389,409
2152,710
2099,749
1925,1040
1912,1060
1893,1390
1883,1452
1941,1779
2509,2004
2996,2245
3548,1901
20358-ÄÐ-25-×ó.jpg,
3541,1026
2992,643
2515,961
1879,1150
1857,1486
1862,1536
1890,1854
1913,1897
2086,2182
2195,2259
2426,2495
3658,2023
20377-Å®-25-×ó.jpg,
3668,835
3041,456
2595,725
2117,936
2041,1277
2036,1338
2071,1638
2076,1654
2288,1902
2321,1936
2581,2201
3827,1819
20382-ÄÐ-18-ÓÒ.jpg,
2987,890
2048,542
1812,708
1720,743
1522,970
1487,1010
1470,1254
1462,1319
1595,1578
1930,1674
2348,1954
2808,1648
20383-ÄÐ-20-ÓÒ.jpg,
4149,996
2715,548
2493,831
2404,906
2225,1186
2204,1251
2184,1585
2176,1716
2321,2079
2852,2309
3454,2507
4051,2067
20383-ÄÐ-20-×ó.jpg,
3854,1157
3352,762
2800,954
2246,1245
2148,1588
2130,1726
2153,2007
2182,2060
2361,2326
2469,2390
2700,2669
4049,2207
20384-Å®-23-ÓÒ.jpg,
3457,890
2490,424
2253,620
2189,653
2022,881
1985,919
1978,1184
1959,1259
2048,1526
2348,1656
2793,1889
3191,1711
20384-Å®-23-×ó.jpg,
3639,1092
3019,688
2510,958
2056,1079
1929,1390
1942,1466
1933,1792
1945,1808
2099,2134
2143,2174
2368,2461
3756,2103
20387-ÄÐ-20-ÓÒ.jpg,
3262,852
2179,596
1928,798
1889,865
1793,1133
1781,1167
1767,1442
1760,1540
1912,1819
2463,1983
2987,2082
3398,1685
20387-ÄÐ-20-×ó.jpg,
3238,1293
2830,906
2426,1008
1934,1234
1840,1486
1858,1550
1851,1796
1860,1808
1925,2053
1963,2108
2167,2325
3213,2058
20389-Å®-20-ÓÒ.jpg,
4065,840
2498,573
2311,907
2285,951
2115,1284
2108,1296
2133,1664
2136,1729
2257,2083
2733,2280
3239,2626
3956,2112
20389-Å®-20-×ó.jpg,
3881,1288
3263,799
2767,1099
2161,1307
2068,1685
2067,1756
2092,2094
2110,2127
2259,2425
2321,2468
2538,2777
4034,2353
20391-ÄÐ-41-ÓÒ.jpg,
3991,1073
2506,665
2213,981
2170,1025
1982,1360
1964,1418
1918,1775
1892,1838
2040,2228
2387,2346
3112,2665
3656,2377
20391-ÄÐ-41-×ó.jpg,
3799,1270
3238,904
2608,1112
2064,1343
1937,1702
1941,1775
1970,2132
2002,2172
2136,2477
2278,2566
2590,2879
4009,2472
20392-ÄÐ-20-×ó.jpg,
3638,1276
3097,780
2456,918
1728,1140
1576,1512
1559,1612
1520,1936
1571,2040
1647,2341
1771,2474
1952,2775
3694,2548
20393-ÄÐ-18-ÓÒ.jpg,
3837,1133
2566,653
2256,889
2153,965
2020,1243
1987,1292
1932,1622
1923,1725
1977,2086
2568,2223
2977,2660
3631,2189
20393-ÄÐ-18-×ó.jpg,
3311,445
2599,313
2212,755
1809,1187
1871,1531
1923,1601
2100,1873
2140,1888
2403,2099
2491,2125
2849,2247
3824,1317
20395-Å®-19-×ó.jpg,
3811,1248
3068,818
2551,1092
2008,1235
1891,1553
1898,1602
1899,1928
1908,1955
2092,2285
2135,2324
2348,2664
3963,2390
20397-ÄÐ-18-ÓÒ.jpg,
3773,651
2386,292
2173,599
2074,676
1938,969
1925,1018
1877,1319
1878,1411
1993,1722
2506,1963
3098,2210
3652,1777
20397-ÄÐ-18-×ó.jpg,
3830,1192
3313,724
2665,948
2039,1206
1967,1518
1956,1596
1998,1923
2005,1955
2165,2273
2253,2376
2466,2674
3869,2289
20398-ÄÐ-18-ÓÒ.jpg,
4030,941
2401,566
2179,876
2132,903
1981,1190
1969,1207
1968,1511
1967,1565
2041,1877
2490,2009
3011,2388
3791,2056
20398-ÄÐ-18-×ó.jpg,
3540,738
2877,407
2368,754
1866,960
1771,1279
1767,1341
1800,1656
1808,1666
2033,1937
2051,1957
2307,2227
3748,1792
20399-Å®-20-ÓÒ.jpg,
3642,820
2142,436
1916,701
1856,788
1670,1108
1637,1194
1634,1517
1628,1620
1765,2015
2327,2113
2894,2510
3623,2045
20399-Å®-20-×ó.jpg,
3503,1124
2884,674
2400,981
1854,1143
1699,1448
1682,1563
1688,1913
1721,1965
1878,2269
1988,2357
2194,2636
3532,2225
20400-ÄÐ-20-×ó.jpg,
3384,2003
3266,1060
2611,632
2230,875
1751,1103
1709,1260
1649,1579
1664,1729
1708,1871
1770,2090
1916,2256
2082,2398
20401-ÄÐ-20-ÓÒ.jpg,
3466,2017
3590,1169
2499,686
2350,844
2180,935
2118,1067
1998,1187
1983,1350
1989,1521
1997,1761
2470,2099
2780,2323
20401-ÄÐ-20-×ó.jpg,
3872,1674
3707,721
2953,471
2721,609
2011,906
1998,1244
2018,1381
2043,1639
2063,1758
2110,1933
2411,2068
2559,2221
20402-Å®-20-ÓÒ.jpg,
2924,1160
3004,526
1917,227
1834,383
1699,443
1656,608
1603,709
1605,851
1646,982
1690,1161
2046,1257
2263,1432
20402-Å®-20-×ó.jpg,
2932,1260
2812,518
2134,254
1972,459
1565,576
1516,824
1471,903
1495,1101
1539,1177
1615,1356
1688,1420
1786,1585
20403-Å®-26-ÓÒ.jpg,
3630,1742
3569,900
2231,649
2070,897
1942,1030
1902,1261
1837,1375
1862,1531
1882,1746
2045,2007
2557,2017
2889,2178
20403-Å®-26-×ó.jpg,
3776,1978
3660,1160
3075,978
2696,1152
2211,1215
2116,1460
2125,1582
2149,1813
2191,1918
2213,2109
2409,2208
2524,2315
20405-Å®-25-ÓÒ.jpg,
4154,2286
4149,1135
2672,670
2459,850
2285,963
2156,1262
2065,1389
2033,1612
2101,1860
2188,2176
2796,2318
3197,2566
20405-Å®-25-×ó.jpg,
4301,1970
4058,898
3158,511
2750,837
2111,1126
2027,1475
2064,1586
2057,1930
2135,2010
2221,2277
2372,2377
2629,2646
20407-ÄÐ-31-ÓÒ.jpg,
3722,1842
3655,780
2155,602
2001,862
1893,969
1829,1257
1796,1344
1835,1582
1860,1731
2008,2008
2559,2153
3074,2285
20407-ÄÐ-31-×ó.jpg,
3385,2002
3243,909
2526,465
2041,751
1542,962
1459,1261
1446,1402
1466,1682
1580,1836
1576,2021
1713,2114
1821,2252
20408-ÄÐ-19-×ó.jpg,
3580,1858
3376,1027
2852,706
2487,940
1978,1052
1920,1267
1905,1366
1879,1588
1927,1654
2012,1854
2123,1943
2252,2141
20409-Å®-20-ÓÒ.jpg,
4009,2244
4287,1110
2526,550
2329,851
2101,1022
1941,1334
1880,1410
1924,1755
1884,1857
1981,2170
2681,2398
3087,2745
20409-Å®-20-×ó.jpg,
4229,2111
4053,1090
3195,606
2748,944
2140,1156
2065,1536
2066,1647
2085,1939
2111,2004
2305,2336
2481,2438
2728,2735
20410-ÄÐ-21-ÓÒ.jpg,
3662,2171
3756,1146
2297,524
2072,774
1888,905
1772,1149
1596,1260
1584,1538
1628,1695
1718,2032
2326,2339
2520,2606
20410-ÄÐ-21-×ó.jpg,
3591,2205
3609,1259
2593,646
2352,891
1760,1160
1672,1466
1680,1613
1679,1888
1721,1990
1880,2280
2007,2380
2220,2633
20411-ÄÐ-35-ÓÒ.jpg,
3836,2163
4044,1055
2638,533
2390,766
2236,865
2101,1165
2006,1242
1967,1526
1922,1662
2023,1992
2583,2240
3140,2515
20411-ÄÐ-35-×ó.jpg,
3922,2498
3860,1331
3021,890
2507,1139
1953,1366
1825,1687
1811,1867
1829,2142
1864,2283
1927,2527
2119,2670
2264,2951
20412-ÄÐ-20-ÓÒ.jpg,
3657,2273
3882,1167
2375,609
2204,890
2065,997
1938,1240
1890,1300
1853,1563
1823,1747
1937,2021
2434,2366
2887,2641
20412-ÄÐ-20-×ó.jpg,
3934,2331
3864,1200
3165,692
2615,853
2118,1196
1971,1425
1975,1624
1951,1882
2005,1968
2122,2224
2247,2374
2405,2661
20413-ÄÐ-18-ÓÒ.jpg,
3690,1915
3763,876
2338,526
2121,788
1990,915
1901,1164
1858,1251
1844,1520
1797,1713
1926,1969
2561,2169
3062,2426
20413-ÄÐ-18-×ó.jpg,
3563,2211
3466,1199
2882,710
2387,881
1759,1172
1671,1501
1645,1618
1700,1945
1708,1993
1817,2257
1929,2359
2170,2620
20416-ÄÐ-20-ÓÒ.jpg,
3805,1891
3970,882
2403,478
2268,772
2150,888
2065,1189
2009,1260
2044,1558
2033,1625
2138,1955
2700,2093
3098,2334
20416-ÄÐ-20-×ó.jpg,
3977,2018
3798,1013
3054,634
2633,885
2051,1114
1976,1419
1960,1549
1962,1829
2043,1914
2158,2189
2306,2326
2464,2559
20417-ÄÐ-19-ÓÒ.jpg,
3534,2132
3900,1466
2562,764
2365,948
2235,1009
2124,1218
2069,1277
2006,1498
2001,1606
2038,1821
2504,1991
2794,2303
20417-ÄÐ-19-×ó.jpg,
3810,1864
3606,1071
2804,735
2476,995
1965,1132
1882,1417
1871,1531
1900,1756
1962,1828
2050,2022
2206,2159
2383,2358
20419-ÄÐ-48-ÓÒ.jpg,
3636,1901
3695,795
2282,460
2112,780
1988,948
1954,1131
1839,1268
1805,1495
1846,1647
1975,1922
2454,2100
2951,2332
20419-ÄÐ-48-×ó.jpg,
3642,2070
3452,1015
2721,608
2321,913
1889,1080
1796,1331
1759,1517
1810,1714
1868,1789
1892,2028
2064,2159
2206,2388
20422-ÄÐ-20-ÓÒ.jpg,
3079,1907
3167,1053
1926,782
1695,992
1588,1072
1522,1285
1485,1377
1511,1602
1511,1682
1602,1949
2060,2123
2419,2287
20422-ÄÐ-20-×ó.jpg,
3088,2178
3127,1225
2585,722
2138,863
1534,1114
1405,1367
1365,1523
1353,1710
1379,1807
1440,2038
1570,2180
1772,2372
20424-ÄÐ-19-ÓÒ.jpg,
4149,1502
4228,531
2743,312
2565,543
2446,620
2421,825
2312,1014
2355,1217
2354,1333
2473,1586
3018,1717
3471,1983
20424-ÄÐ-19-×ó.jpg,
3761,1527
3490,699
2838,456
2442,773
2022,1072
2004,1334
1993,1425
2065,1658
2113,1725
2284,1926
2399,1951
2624,2101
20428-Å®-47-ÓÒ.jpg,
3448,2137
3687,1115
2273,687
2046,920
1932,995
1781,1215
1724,1305
1712,1544
1726,1761
1846,2073
2342,2259
2874,2524
20428-Å®-47-×ó.jpg,
3822,2274
3604,1109
2993,630
2479,918
1850,1121
1772,1398
1743,1558
1707,1808
1744,1949
1841,2193
1976,2294
2216,2571
20430-ÄÐ-20-ÓÒ.jpg,
3707,1637
3662,892
2252,600
2101,849
2012,963
1889,1184
1844,1258
1851,1470
1881,1612
1965,1873
2576,1986
2994,2256
20430-ÄÐ-20-×ó.jpg,
3790,2112
3743,1411
3116,960
2777,1233
2179,1389
2155,1549
2125,1689
2149,1919
2195,1967
2292,2163
2410,2219
2467,2372
20431-ÄÐ-19-ÓÒ.jpg,
4337,2452
4431,1143
2630,609
2363,992
2235,1113
2071,1471
1988,1553
1984,1981
1974,2099
2082,2534
2880,2574
3445,2964
20431-ÄÐ-19-×ó.jpg,
4499,2702
4267,1297
3616,691
2845,970
2061,1213
1884,1608
1890,1753
1883,2167
2029,2333
2078,2638
2231,2751
2462,3173
20432-Å®-23-ÓÒ.jpg,
3793,2121
3976,1394
2554,703
2341,959
2219,1043
2099,1249
2044,1396
1995,1605
2033,1797
2082,2015
2637,2283
3127,2525
20434-Å®-18-ÓÒ.jpg,
3630,2119
3782,1009
2467,473
2213,739
2038,901
1902,1125
1878,1185
1846,1509
1832,1653
1905,1933
2371,2116
2703,2434
20434-Å®-18-×ó.jpg,
3842,1942
3543,846
2705,462
2278,831
1775,1039
1712,1366
1696,1490
1735,1800
1772,1860
1975,2133
2119,2237
2314,2497
20435-ÄÐ-20-ÓÒ.jpg,
4257,2159
4264,794
2258,460
2065,785
1956,914
1885,1280
1858,1340
1865,1680
1843,1797
1940,2115
2584,2318
3393,2647
20435-ÄÐ-20-×ó.jpg,
4054,2423
3997,1193
2696,586
2532,991
1874,1360
1813,1735
1808,1919
1858,2173
1918,2250
2027,2500
2173,2574
2368,2875
20436-ÄÐ-19-×ó.jpg,
3748,2261
3578,1236
2991,941
2553,1115
2113,1237
1988,1552
1977,1602
1972,1907
1987,1958
2110,2269
2165,2360
2409,2619
20437-ÄÐ-53-ÓÒ.jpg,
3998,2280
4136,1116
2527,726
2340,1044
2240,1162
2161,1362
2110,1498
2079,1734
2071,1856
2165,2185
2733,2355
3335,2670
20437-ÄÐ-53-×ó.jpg,
4035,2145
3943,978
3130,681
2595,1041
2004,1158
1995,1506
2007,1576
2061,1897
2100,1963
2197,2207
2337,2270
2498,2528
20438-Å®-20-ÓÒ.jpg,
3906,1979
3905,1088
2366,555
2170,797
2078,909
1947,1176
1893,1249
1930,1562
1938,1660
2065,2001
2527,2210
3008,2442
20438-Å®-20-×ó.jpg,
3849,1893
3624,957
2862,574
2501,848
1932,1011
1811,1336
1802,1431
1775,1743
1812,1781
1938,2074
2066,2167
2250,2423
20439-ÄÐ-20-ÓÒ.jpg,
2809,1611
2955,731
1694,428
1554,655
1505,713
1404,926
1371,972
1369,1215
1377,1296
1479,1549
1808,1635
2220,1854
20439-ÄÐ-20-×ó.jpg,
3002,1830
2804,998
2331,701
1897,894
1433,1045
1359,1283
1371,1369
1389,1591
1420,1628
1501,1868
1594,1910
1743,2138
20440-Å®-32-ÓÒ.jpg,
3707,1906
3708,874
2095,533
1961,725
1814,909
1764,1168
1713,1303
1744,1596
1737,1731
1866,2024
2434,2186
2840,2470
20440-Å®-32-×ó.jpg,
3892,2126
3770,1084
3082,681
2507,877
1889,1020
1783,1321
1762,1545
1745,1784
1790,1908
1863,2172
1977,2265
2165,2524
20442-Å®-27-ÓÒ.jpg,
3636,1991
3677,994
2213,712
1983,992
1868,1047
1741,1340
1718,1397
1745,1676
1706,1788
1821,2074
2314,2215
2833,2483
20442-Å®-27-×ó.jpg,
3641,2090
3534,1018
2598,691
2077,984
1622,990
1484,1287
1503,1407
1492,1719
1532,1800
1674,2062
1824,2152
2033,2439
20443-Å®-18-ÓÒ.jpg,
4218,2279
4520,1231
2780,700
2551,986
2397,1066
2303,1304
2237,1368
2222,1705
2210,1816
2288,2148
2945,2281
3437,2593
20443-Å®-18-×ó.jpg,
4419,1930
4204,885
3578,552
3018,874
2347,1049
2291,1377
2305,1433
2321,1728
2366,1791
2395,2066
2603,2163
2850,2416
20444-Å®-20-ÓÒ.jpg,
3652,1976
3762,991
2449,664
2330,881
2209,951
2113,1230
2032,1295
2017,1603
1985,1685
2115,1994
2612,2046
3124,2290
20444-Å®-20-×ó.jpg,
3690,2000
3346,941
2481,690
2232,889
1769,1161
1702,1473
1722,1554
1779,1843
1811,1908
1927,2160
1999,2221
2209,2496
20445-ÄÐ-20-ÓÒ.jpg,
3567,1845
3697,961
2240,561
2074,816
1971,877
1858,1143
1823,1185
1843,1476
1832,1579
1912,1859
2424,2144
2855,2318
20445-ÄÐ-20-×ó.jpg,
4038,2125
3768,1062
2872,614
2503,960
1845,1252
1793,1549
1804,1643
1780,1958
1825,2018
1941,2301
2087,2392
2302,2677
20446-Å®-40-ÓÒ.jpg,
3904,1949
4158,1146
2372,285
2120,609
2014,672
1913,970
1862,1048
1899,1380
1848,1498
2022,1844
2521,2044
3133,2302
20446-Å®-40-×ó.jpg,
4135,1822
3762,743
2706,498
2323,740
1849,1019
1756,1355
1794,1527
1771,1789
1846,1886
1961,2185
2129,2286
2397,2510
20448-ÄÐ-18-ÓÒ.jpg,
2570,1444
2696,612
1481,317
1410,543
1327,645
1294,849
1265,915
1263,1123
1254,1246
1377,1483
1732,1674
2171,1789
20448-ÄÐ-18-×ó.jpg,
2747,1605
2609,871
2189,523
1810,699
1367,889
1306,1121
1312,1251
1316,1439
1368,1505
1423,1689
1504,1769
1648,1972
20449-ÄÐ-18-ÓÒ.jpg,
3905,2156
3971,1224
2700,800
2469,1077
2343,1154
2221,1426
2200,1484
2203,1794
2219,1928
2327,2234
2894,2291
3418,2552
20449-ÄÐ-18-×ó.jpg,
4106,2309
3960,1284
3494,844
2940,1045
2392,1139
2186,1458
2174,1592
2174,1943
2194,1987
2413,2332
2513,2425
2782,2747
20450-ÄÐ-20-ÓÒ.jpg,
4082,2306
4329,1065
2680,542
2409,816
2307,896
2188,1208
2141,1265
2111,1590
2101,1713
2214,2027
2721,2232
3227,2626
20450-ÄÐ-20-×ó.jpg,
4225,2130
3847,921
3068,640
2569,1092
1972,1265
1828,1624
1898,1770
1906,2123
1983,2188
2172,2495
2347,2605
2625,2876
20451-ÄÐ-19-ÓÒ.jpg,
4010,2025
3985,1133
2625,800
2457,1026
2344,1118
2251,1331
2202,1443
2180,1700
2189,1865
2355,2143
2952,2280
3468,2504
20451-ÄÐ-19-×ó.jpg,
3893,2122
3888,1230
3231,727
2803,945
2131,1112
1990,1386
2045,1591
2067,1883
2094,2026
2208,2257
2391,2394
2628,2625
20452-Å®-23-ÓÒ.jpg,
3547,1894
3568,868
2155,471
1975,735
1863,836
1759,1105
1701,1168
1685,1460
1667,1560
1784,1883
2403,2046
3018,2323
20452-Å®-23-×ó.jpg,
3397,1834
3348,990
2900,597
2481,696
1948,903
1781,1151
1788,1302
1802,1590
1852,1643
1980,1889
2065,1977
2251,2194
20453-ÄÐ-19-ÓÒ.jpg,
3563,1977
3694,1067
2459,473
2225,729
2067,832
1893,1077
1837,1128
1796,1426
1786,1529
1901,1859
2493,2155
3033,2371
20453-ÄÐ-19-×ó.jpg,
3824,2187
3788,1245
3217,715
2645,876
1953,1048
1872,1366
1838,1472
1823,1748
1864,1795
1949,2079
2061,2169
2291,2482
20454-ÄÐ-20-ÓÒ.jpg,
3805,2065
4080,1110
2517,515
2306,787
2195,876
1969,1138
1917,1209
1874,1551
1858,1758
1988,2106
2564,2242
3055,2522
20454-ÄÐ-20-×ó.jpg,
3335,2257
3318,1483
2990,1090
2540,1149
2062,1317
1921,1547
1909,1685
1888,1897
1896,1985
2025,2177
2106,2304
2278,2524
20455-ÄÐ-38-ÓÒ.jpg,
3945,1562
4013,536
2477,273
2348,508
2228,610
2164,808
2121,897
2111,1139
2099,1230
2173,1515
2784,1678
3309,1928
20455-ÄÐ-38-×ó.jpg,
3762,1879
3698,845
3044,460
2487,688
2034,780
1912,1062
1908,1169
1912,1408
1923,1481
1982,1690
2081,1785
2161,2031
20456-ÄÐ-20-ÓÒ.jpg,
3845,1775
3930,752
2591,457
2388,680
2281,802
2218,1091
2177,1178
2185,1481
2165,1573
2311,1873
2692,1972
3039,2210
20456-ÄÐ-20-×ó.jpg,
4017,1972
3955,1094
3360,669
2906,808
2488,959
2367,1209
2353,1287
2335,1565
2380,1646
2435,1885
2523,1949
2603,2218
20459-ÄÐ-19-ÓÒ.jpg,
4171,2244
4272,1048
2525,607
2286,930
2205,1084
2100,1408
2068,1489
2114,1837
2124,1970
2238,2350
2772,2501
3149,2831
20459-ÄÐ-19-×ó.jpg,
4026,2471
3866,1258
3171,749
2655,1054
2171,1187
2056,1570
2056,1669
1998,1948
1976,2035
2086,2362
2228,2403
2379,2760
20461-Å®-20-ÓÒ.jpg,
3557,1953
3751,835
2296,481
2093,725
1802,822
1706,1136
1662,1191
1686,1507
1649,1583
1806,1936
2248,2025
2808,2326
20461-Å®-20-×ó.jpg,
3627,2058
3490,991
2823,613
2304,953
1804,1104
1674,1450
1699,1547
1754,1879
1816,1951
1938,2226
2091,2310
2339,2546
20462-ÄÐ-25-ÓÒ.jpg,
2223,1169
2375,666
1639,398
1540,530
1476,578
1398,720
1381,751
1377,904
1388,959
1447,1123
1638,1222
1934,1345
20462-ÄÐ-25-×ó.jpg,
2348,1271
2129,695
1733,539
1440,681
1195,794
1138,949
1161,1009
1165,1176
1185,1220
1275,1369
1343,1416
1446,1569
20463-Å®-20-ÓÒ.jpg,
3397,2298
3556,1188
2160,759
1964,1019
1821,1047
1735,1310
1712,1364
1690,1626
1666,1741
1681,2072
2237,2316
2669,2649
20463-Å®-20-×ó.jpg,
3984,1695
3651,546
2737,129
2292,588
1632,986
1660,1355
1654,1462
1717,1794
1778,1846
1963,2154
2129,2173
2437,2446
20465-Å®-26-ÓÒ.jpg,
3759,1878
3859,917
2505,483
2324,750
2230,813
2070,1098
2053,1142
2012,1437
2004,1516
2087,1857
2559,1980
3118,2260
20465-Å®-26-×ó.jpg,
3713,2059
3548,1054
2937,671
2397,975
1994,1117
1866,1451
1884,1547
1940,1832
1989,1890
2100,2152
2222,2236
2412,2477
20468-Å®-28-ÓÒ.jpg,
1217,752
1257,387
778,197
699,288
626,294
582,390
568,423
545,520
544,554
567,671
757,797
910,888
20468-Å®-28-×ó.jpg,
1340,718
1278,331
990,225
783,328
599,418
564,552
564,575
581,697
608,715
649,827
715,831
813,926
20469-Å®-28-ÓÒ.jpg,
3217,2297
3485,1026
2111,561
1845,810
1758,858
1587,1121
1547,1183
1486,1504
1448,1577
1567,1948
1947,2222
2473,2649
